1	OCc1ccc(C(=C(c2ccc(CO)cc2)c2ccc(CO)cc2)c2ccc(CO)cc2)cc1
1	OCc1ccc(-c2c3nc(c(-c4ccc(CO)cc4)c4ccc([nH]4)c(-c4ccc(CO)cc4)c4nc(c(-c5ccc(CO)cc5)c5ccc2[nH]5)C=C4)C=C3)cc1
1	OCc1cc(C#Cc2cccc(C#Cc3cc(CO)cc(CO)c3)c2)cc(CO)c1
1	O=C(O)c1ccc(N(c2ccc(C(=O)O)cc2)N(c2ccc(C(=O)O)cc2)c2ccc(C(=O)O)cc2)cc1
1	O=C(O)c1ccc(N(c2ccc(C(=O)O)cc2)N(c2ccc(C(=O)O)cc2)c2ccc(C(=O)O)cc2)cc1
1	O=C(O)c1ccc(C#Cc2nc(C#Cc3ccc(C(=O)O)cc3)c(C#Cc3ccc(C(=O)O)cc3)nc2C#Cc2ccc(C(=O)O)cc2)cc1
1	O=C(O)c1ccc(C#Cc2nc(C#Cc3ccc(C(=O)O)cc3)c(C#Cc3ccc(C(=O)O)cc3)nc2C#Cc2ccc(C(=O)O)cc2)cc1
1	O=C(O)c1ccc(N(c2ccc(C(=O)O)cc2)c2ccc(-c3ccc(N(c4ccc(C(=O)O)cc4)c4ccc(C(=O)O)cc4)cc3)cc2)cc1
1	O=C(O)c1cc(C(=O)O)cc(-c2ccc(-c3cc(C(=O)O)cc(C(=O)O)c3)cc2)c1
1	Fc1ccc(-c2cc(-c3ccc(F)cc3)nc(-c3ccc(F)cc3)c2)cc1
0	FN1CN(F)CN(F)C1
1	Cc1c(F)c(C)c(F)c(C)c1F
1	C[Si](c1ccc(F)cc1)(c1ccc(F)cc1)c1ccc(F)cc1
0	Fc1ccc2c(F)cc(F)cc2c1
1	Oc1c(F)cc(F)c(O)c1F
1	Fc1cc(F)cc(C#Cc2cc(F)cc(F)c2)c1
1	Fc1ccc(-c2nc(-c3ccc(F)cc3)c(-c3ccc(F)cc3)nc2-c2ccc(F)cc2)cc1
1	Fc1cc(F)cc(C#Cc2cccc(C#Cc3cc(F)cc(F)c3)c2)c1
1	Fc1ccc(-c2c3nc(c(-c4ccc(F)cc4)c4ccc([nH]4)c(-c4ccc(F)cc4)c4nc(c(-c5ccc(F)cc5)c5ccc2[nH]5)C=C4)C=C3)cc1
1	Nc1ccc2c(ccc3cc(N)ccc32)c1
1	Nc1ccc(-c2sc(-c3ccc(N)cc3)c(-c3ccc(N)cc3)c2-c2ccc(N)cc2)cc1
1	Nc1ccc(C2=C(c3ccc(N)cc3)C(c3ccc(N)cc3)=C(c3ccc(N)cc3)C2=O)cc1
1	Nc1ccc([C@H]2c3cc(c(O)cc3O)[C@H](c3ccc(N)cc3)c3cc(c(O)cc3O)[C@@H](c3ccc(N)cc3)c3cc(c(O)cc3O)[C@@H](c3ccc(N)cc3)c3cc2c(O)cc3O)cc1
1	Nc1ccc([C@H]2c3cc(c(O)cc3O)[C@H](c3ccc(N)cc3)c3cc(c(O)cc3O)[C@@H](c3ccc(N)cc3)c3cc(c(O)cc3O)[C@@H](c3ccc(N)cc3)c3cc2c(O)cc3O)cc1
1	CCCCC[C@@H](Cl)[C@H](Cl)CCCCC
1	Clc1ccc(C#Cc2cccc(C#Cc3ccc(Cl)cc3)c2)cc1
1	Clc1ccc(/N=N/c2ccc(Cl)cc2)cc1
1	Clc1ccc2c(ccc3cc(Cl)ccc32)c1
0	CC[C@@H](C)[C@H](Cl)C(O)=NCCN=C(O)[C@H](C)Cl
1	Cl[C@@H]1CN(Cc2ccccc2)C[C@H]1Cl
1	C[C@H](Cl)CCl
1	Clc1ccc(CCc2ccc(Cl)cc2)cc1
0	Cl[C@H]1COCCOCCOCCOCCOC[C@@H]1Cl
1	C[C@@H]1C[C@H](Cl)[C@H](Cl)C[C@H]1C
1	CC[C@@H](Cl)CCl
1	CC[C@@H](Cl)CCl
1	CC(C)[C@@H](Cl)CCl
1	Brc1ccc(C(=C(c2ccc(Br)cc2)c2ccc(Br)cc2)c2ccc(Br)cc2)cc1
0	Oc1ccc(-c2c(-c3ccc(Br)cc3)c(-c3ccc(O)cc3)c(-c3ccc(Br)cc3)c(-c3ccc(Br)cc3)c2-c2ccc(Br)cc2)cc1
1	Brc1ccc(-c2cc(-c3ccc(Br)cc3)c(-c3ccc(Br)cc3)cc2-c2ccc(Br)cc2)cc1
0	Oc1cc(O)c2cc1[C@H](c1ccc(F)cc1)c1cc(c(O)cc1O)[C@H](c1ccc(F)cc1)c1cc(c(O)cc1O)[C@H](c1ccc(F)cc1)c1cc(c(O)cc1O)[C@H]2c1ccc(F)cc1
1	CCCCCCCCCCCCCCc1ccc(C(c2ccc(N)cc2)(c2ccc(N)cc2)c2ccc(N)cc2)cc1
1	Nc1ccc(-c2cc(-c3ccc(N)cc3)nc(-c3ccc(N)cc3)c2)cc1
1	Nc1ccc(-c2cc(-c3ccc(N)cc3)nc(-c3ccc(N)cc3)c2)cc1
0	Nc1ccc(N2COc3c(c4c(c5c3CN(c3ccc(N)cc3)CO5)CN(c3ccc(N)cc3)CO4)C2)cc1
1	Nc1ccc(B2OB(c3ccc(N)cc3)OB(c3ccc(N)cc3)O2)cc1
1	Ic1ccc(N(c2ccc(I)cc2)c2ccc(I)cc2)cc1
1	Ic1ccc(-c2cc(-c3ccc(I)cc3)nc(-c3ccc(I)cc3)c2)cc1
0	C[C@H](F)C(O)=N[C@@H]1CCCC[C@H]1N=C(O)[C@H](C)F
0	O[C@@H]1C[C@@H](F)[C@@H](F)C[C@H]1Br
1	Fc1ccc(/N=N/c2ccc(F)cc2)cc1
0	C[C@H](F)C(O)=NCCN=C(O)[C@H](C)F
1	Fc1ccc2ccc3ccc(F)cc3c2c1
1	N#Cc1ccc([C@H](F)[C@@H](F)c2ccc(C#N)cc2)cc1
0	O=C1C[C@H](c2ccc(F)cc2)N1c1ccc(F)cc1
0	FC[C@H](F)C(F)(F)F
0	FC[C@H](F)C(F)(F)F
0	C[C@H](F)C(O)=NCCN=C(O)[C@@H](F)c1ccccc1
1	F[C@@H]1CSSC[C@H]1F
1	F[C@@H]1CSSC[C@H]1F
1	Fc1ccc(F)o1
1	Clc1cc(Cl)c2ccc3c(Cl)cc(Cl)c4ccc1c2c43
1	Clc1cc(Cl)cc(-c2cccc(-c3cc(Cl)cc(Cl)c3)c2)c1
1	Oc1ccc(-c2c(-c3ccc(Cl)cc3)c(-c3ccc(O)cc3)c(-c3ccc(Cl)cc3)c(-c3ccc(Cl)cc3)c2-c2ccc(Cl)cc2)cc1
1	CC(C)(N)CN
1	N[C@H](CO)[C@@H](N)CO
1	Nc1ccc(N)[nH]1
1	NCCN
1	Nc1cnc2c(ccc3cc(N)cnc32)c1
1	Nc1ccc(Sc2ccc(N)cc2)cc1
0	NC[C@H](N)C(F)(F)F
0	N[C@H]1C[C@@H](O)C(=O)C[C@H]1N
1	N[C@H]1COCCOCCOCCOCCOC[C@@H]1N
0	NC[C@H](N)O
1	Cc1cc(C)c([C@H](N)[C@@H](N)c2c(C)cc(C)cc2C)c(C)c1
0	N[C@H]1C[C@@H](Br)C(=O)C[C@H]1N
1	O=Cc1ccc(-c2c3nc(c(-c4ccc(C=O)cc4)c4ccc([nH]4)c(-c4ccc(C=O)cc4)c4nc(c(-c5ccc(C=O)cc5)c5ccc2[nH]5)C=C4)C=C3)cc1
1	O=Cc1cc(C#Cc2ccc(C#Cc3cc(C=O)cc(C=O)c3)cc2)cc(C=O)c1
1	ClCCCN(CCCCl)CCCCl
1	Clc1ccc(-c2ccc(-c3cc(-c4ccc(-c5ccc(Cl)cc5)cc4)cc(-c4ccc(-c5ccc(Cl)cc5)cc4)c3)cc2)cc1
1	Clc1ccc(-c2ccc(-c3cc(-c4ccc(-c5ccc(Cl)cc5)cc4)cc(-c4ccc(-c5ccc(Cl)cc5)cc4)c3)cc2)cc1
1	Clc1ccc(C23CC4CC(c5ccc(Cl)cc5)(C2)CC(c2ccc(Cl)cc2)(C4)C3)cc1
1	Brc1ccc(-c2cccc(-c3ccc(Br)cc3)c2)cc1
1	CC(C)(Br)C(C)(C)Br
1	Br[C@H]1CCC[C@@H](Br)C1
1	Brc1ccc(Br)s1
1	Br[C@H]1CCCC[C@H]1Br
0	Brc1ccc(C23CC4(c5ccc(Br)cc5)C[C@H](C2)C[C@H](C3)C4)cc1
1	Brc1ccc(-c2ccc(-c3ccc(-c4ccc(Br)cc4)cc3)cc2)cc1
0	Brc1cc2sc(Br)cc2s1
1	Br[C@H]1CC[C@@H](Br)CC1
0	O=C1C[C@@H](Br)[C@@H](Br)C[C@H]1Br
1	OCc1ccc(N(c2ccc(CO)cc2)c2ccc(CO)cc2)cc1
1	CCCCCCCCCCCCCCc1ccc(C(c2ccc(CO)cc2)(c2ccc(CO)cc2)c2ccc(CO)cc2)cc1
1	CCCCOc1c(CCO)c(OCCCC)c(CCO)c(OCCCC)c1CCO
1	OCc1ccc(C23CC4CC(c5ccc(CO)cc5)(C2)CC(c2ccc(CO)cc2)(C4)C3)cc1
1	CCCCCCc1c(-c2ccc(CO)cc2)c(CCCCCC)c(-c2ccc(CO)cc2)c(CCCCCC)c1-c1ccc(CO)cc1
0	OCc1ccc([C@H]2c3cc(c(O)cc3O)[C@H](c3ccc(CO)cc3)c3cc(c(O)cc3O)[C@H](c3ccc(CO)cc3)c3cc(c(O)cc3O)[C@@H](c3ccc(CO)cc3)c3cc2c(O)cc3O)cc1
0	Clc1ccc(C=c2c3ccc4c(=Cc5ccc(Cl)cc5)c5ccc6c(=Cc7ccc(Cl)cc7)c7ccc2c2c3c4c5c6c72)cc1
0	Clc1ccc2c(Cl)cc(Cl)cc2c1
1	Clc1cc(Cl)nc(Cl)c1
1	Oc1c(Cl)cc(Cl)c(O)c1Cl
1	Clc1cc(Cl)nc(Cl)n1
1	Ic1cc2ccc3cc(I)cc4ccc(c1)c2c34
1	OCc1ccc(CO)cc1
1	OCCc1cccc(CCO)c1
1	OCc1ccc(-c2cccc(-c3ccc(CO)cc3)c2)cc1
1	OCc1ccc(-c2cccc(-c3ccc(CO)cc3)c2)cc1
1	OCc1ccc(C#Cc2ccc(C#Cc3ccc(CO)cc3)cc2)cc1
1	OC[C@H](c1ccc(F)cc1)[C@@H](CO)c1ccc(F)cc1
1	OCCc1ccc(CCO)cc1
1	OCC[C@H](CO)C(F)(F)F
0	O=C1C[C@@H](CO)[C@@H](CO)C[C@H]1O
0	C[C@@H]1C[C@H](CO)[C@H](CO)C[C@H]1C
1	OCc1cc2cc(CO)sc2s1
1	OCCCOCCCO
1	CCC(c1ccc(C#Cc2ccc(N)cc2)cc1)(c1ccc(C#Cc2ccc(N)cc2)cc1)c1ccc(C#Cc2ccc(N)cc2)cc1
1	Nc1ccc2c(N)cc(N)cc2c1
0	CCC(c1ccc(-c2ccc(N)cc2)cc1)(c1ccc(-c2ccc(N)cc2)cc1)c1ccc(-c2ccc(N)cc2)cc1
0	N[C@H]1O[C@H](N)O[C@@H](N)O1
1	Brc1ccc(-c2cc(-c3ccc(Br)cc3)nc(-c3ccc(Br)cc3)c2)cc1
1	Brc1ccc(-c2cc(-c3ccc(Br)cc3)nc(-c3ccc(Br)cc3)c2)cc1
1	O=C(c1ccc(Br)cc1)c1cc(C(=O)c2ccc(Br)cc2)cc(C(=O)c2ccc(Br)cc2)c1
1	CCC(c1ccc(C#Cc2ccc(Br)cc2)cc1)(c1ccc(C#Cc2ccc(Br)cc2)cc1)c1ccc(C#Cc2ccc(Br)cc2)cc1
0	Brc1ccc(C=c2c3ccc4c(=Cc5ccc(Br)cc5)c5ccc6c(=Cc7ccc(Br)cc7)c7ccc2c2c3c4c5c6c72)cc1
1	Brc1ccc(-c2nc(-c3ccc(Br)cc3)c(-c3ccc(Br)cc3)[nH]2)cc1
0	C[C@H](C(=O)O)C(O)=N[C@@H]1CCCC[C@H]1N=C(O)[C@H](C)C(=O)O
1	O=C(O)c1ccc(/N=N/c2ccc(C(=O)O)cc2)cc1
0	CC[C@@H](C)[C@H](C(=O)O)C(O)=NCCN=C(O)[C@H](C)C(=O)O
1	O=C(O)c1ccc(-c2ccc(-c3ccc(C(=O)O)cc3)cc2)cc1
1	O=C(O)CCNCCC(=O)O
1	C[C@@H](CCCC(=O)O)C(=O)O
1	C[C@@H](CCCC(=O)O)C(=O)O
1	O=C(O)c1ccc2c(c1)[C@H]1c3ccccc3[C@@H]2c2ccc(C(=O)O)cc21
0	O=C(O)c1ccc(C(=O)O)s1
1	O=C(O)CCOCCOCCC(=O)O
1	O=C(O)[C@H](c1ccccc1)[C@@H](C(=O)O)c1ccccc1
1	O=C(O)CCOCCC(=O)O
1	O=C(O)c1ccc2[nH]c3ccc(C(=O)O)cc3c2c1
1	COc1cc(C(=O)O)c(OC)cc1C(=O)O
1	O=C(O)[C@H]1CC=CC[C@H]1C(=O)O
1	Cc1c(C=O)cc(C=O)c(C)c1C=O
1	O=Cc1cc(C=O)c(F)c(C=O)c1F
1	BrCCCN(CCCBr)CCCBr
0	Br[C@H]1C[C@H](Br)C[C@@H](Br)C1
1	CCCCCCc1c(-c2ccc(Br)cc2)c(CCCCCC)c(-c2ccc(Br)cc2)c(CCCCCC)c1-c1ccc(Br)cc1
1	CCCCCCc1c(-c2ccc(Br)cc2)c(CCCCCC)c(-c2ccc(Br)cc2)c(CCCCCC)c1-c1ccc(Br)cc1
1	Ic1ccc(C#Cc2nc(C#Cc3ccc(I)cc3)c(C#Cc3ccc(I)cc3)nc2C#Cc2ccc(I)cc2)cc1
1	Ic1ccc(C#Cc2nc(C#Cc3ccc(I)cc3)c(C#Cc3ccc(I)cc3)nc2C#Cc2ccc(I)cc2)cc1
0	Ic1cc(I)c2ccc3c(I)cc(I)c4ccc1c2c43
0	Ic1ccc2[nH]c3c(c2c1)c1[nH]c2ccc(I)cc2c1c1[nH]c2ccc(I)cc2c31
0	I[C@H]1O[C@H](I)O[C@@H](I)O1
1	CCC(c1ccc(C#Cc2ccc(CO)cc2)cc1)(c1ccc(C#Cc2ccc(CO)cc2)cc1)c1ccc(C#Cc2ccc(CO)cc2)cc1
1	N[C@H]1CN(Cc2ccccc2)C[C@@H]1N
0	N[C@@H]1C[C@@H](O)[C@H](O)C[C@H]1N
1	N[C@H]1CSSC[C@@H]1N
1	N[C@H]1CSSC[C@@H]1N
1	N[C@H]1CSSC[C@@H]1N
0	N[C@@H]1C[C@@H](O)[C@H](Br)C[C@H]1N
1	Ic1ccc(-c2ccc(C34CC5(c6ccc(-c7ccc(I)cc7)cc6)C[C@H](C3)C[C@H](C4)C5)cc2)cc1
1	C[C@H](I)C(O)=N[C@@H]1CCCC[C@H]1N=C(O)[C@H](C)I
1	ICCNCCI
1	Ic1ccc(Sc2ccc(I)cc2)cc1
0	O=C1C[C@@H](I)[C@@H](I)C[C@H]1O
1	ICCOCCI
1	ICCOCCI
1	I[C@H]1CC[C@@H](I)CC1
1	N#C/C1=C/c2cc(C(=O)O)cc(c2)/C(C#N)=C\\c2cc(C(=O)O)cc(c2)/C(C#N)=C\\c2cc(C(=O)O)cc(c2)/C(C#N)=C\\c2cc(C(=O)O)cc(c2)/C(C#N)=C\\c2cc(C(=O)O)cc1c2
1	O=C(O)c1cc(CCc2ccc(O)c(C(=O)O)c2)ccc1O
1	COc1cc(C#Cc2cc(Br)cc(C(=O)O)c2)cc(C#Cc2cc(Br)cc(C(=O)O)c2)c1
1	CCCCC[C@@H](C=O)[C@H](C=O)CCCCC
0	O=C[C@H]1C[C@@H](Br)[C@H](O)C[C@H]1C=O
1	O=Cc1cnc2c(ccc3cc(C=O)cnc32)c1
1	O=Cc1ccc2c(ccc3cc(C=O)ccc32)c1
1	CC(C)(C=O)C(C)(C)C=O
1	O=C[C@@H]1CN(Cc2ccccc2)C[C@@H]1C=O
0	O=C[C@H]1[C@H]2c3ccccc3[C@H](c3ccccc32)[C@H]1C=O
0	C[C@H](C=O)C(O)=NCCN=C(O)[C@@H](C=O)c1ccccc1
1	O=CCCOCCC=O
1	O=Cc1ccc(C=O)o1
1	O=Cc1ccc(C=O)o1
1	O=Cc1ccc(C#Cc2ccc(C=O)cc2)cc1
0	C[C@@](C=O)(CC=O)C(F)(F)F
1	O=C[C@H]1CC=CC[C@H]1C=O
1	Cc1cc(C)c([C@H](C=O)[C@@H](C=O)c2c(C)cc(C)cc2C)c(C)c1
0	COc1c(CO)cc(C(C)(C)C)cc1CO
1	OCc1cccc(CO)n1
1	OCc1cccc(CO)n1
0	O=C[C@H]1O[C@@H](C=O)O[C@@H](C=O)O1
1	O=C[C@H]1O[C@@H](C=O)O[C@@H](C=O)O1
1	O=Cc1cccc2cc3cccc(C=O)c3cc12
1	O=Cc1ccc(C#Cc2ccccc2C#Cc2ccc(C=O)cc2)cc1
1	O=Cc1cccc(-c2cccc(C=O)c2O)c1O
1	O=Cc1cc(O)c(C=O)cc1O
1	O=C(O)c1ccc(-c2ccc(C34CC5CC(c6ccc(-c7ccc(C(=O)O)cc7)cc6)(C3)CC(c3ccc(-c6ccc(C(=O)O)cc6)cc3)(C5)C4)cc2)cc1
1	O=C(O)c1ccc(N(c2ccc(C(=O)O)cc2)c2ccc(C(=O)O)cc2)cc1
1	O=C(O)c1cc(C(=O)O)cc(C(=O)O)c1
1	O=C(O)c1ccc(C#Cc2ccc(C34CC5CC(c6ccc(C#Cc7ccc(C(=O)O)cc7)cc6)(C3)CC(c3ccc(C#Cc6ccc(C(=O)O)cc6)cc3)(C5)C4)cc2)cc1
1	O=C(O)c1ccc(-c2ccc(C(c3ccc(-c4ccc(C(=O)O)cc4)cc3)c3ccc(-c4ccc(C(=O)O)cc4)cc3)cc2)cc1
0	O=C(O)c1cc(C(=O)O)nc(C(=O)O)n1
1	FCCN(CCF)CCF
1	CCCCCCc1c(-c2ccc(F)cc2)c(CCCCCC)c(-c2ccc(F)cc2)c(CCCCCC)c1-c1ccc(F)cc1
1	O=CCCN(CCC=O)CCC=O
1	CCCCCCc1c(-c2ccc(C=O)cc2)c(CCCCCC)c(-c2ccc(C=O)cc2)c(CCCCCC)c1-c1ccc(C=O)cc1
1	COc1c(F)cc(C(C)(C)C)cc1F
1	OB(O)c1cc(F)cc(F)c1
1	O=C(O)CCCN(CCCC(=O)O)CCCC(=O)O
0	Fc1coc(F)c1F
1	Fc1cc(F)c(Cl)c(F)c1
0	C[C@@]12c3cc(F)ccc3[C@]3(C)c4ccc(F)cc4[C@](C)(c4cc(F)ccc41)[C@]23C
0	Cc1c(F)cc(F)c(Cl)c1F
0	Fc1csc(F)c1F
0	CC(F)=C1NC(=C(C)F)NC(=C(C)F)N1
0	Fc1cccc2c1[nH]c1c3[nH]c4c(F)cccc4c3c3c4cccc(F)c4[nH]c3c21
1	Oc1ccc(C#Cc2ccc(C#Cc3ccccc3F)cc2F)cc1F
1	C/C(N)=C\\c1ccc(N)cc1
1	C[C@@H](N)C#C[C@@H](C)N
0	C/C=c1/c2c(/c(=C/C)c3c1[C@H](C)[C@H](N)C[C@H]3C)[C@H](C)[C@@H](N)C[C@@H]2C
0	N#Cc1c2cccccc-2c(N)c1N
1	C/C(N)=C(\\C)C#CC#C/C(C)=C(/C)N
0	C=C1C[C@](C)(N)[C@@H](N)C[C@H]1O
1	CN1C=C(N)CC(N)=C1
0	CC1=C[C@@H]2OC=C(N)[C@@](C)(N)[C@H]2[C@@H](CO)C1
1	Cc1cc(O)cc(N)c1-c1c(C)cc(O)cc1N
0	NC1=CC=CC2=CC=CC(N)=C1C2
0	CC1(C)C(N)=C(Cl)N(c2ccccc2)C(Cl)=C1N
0	Cc1cc(Cl)c2[nH]c(N)c(N)c2c1
0	CC1=C2C=C(N)S[C@@]2(C)[C@]2(C)SC(N)=CC2=C1C
0	Cc1c(N)n(N)c2ccc(Cl)cc12
0	C[C@@H]1CCC[C@]2(C)[C@H]1CC=C(N)[C@@H]2N
0	N=c1cc(C#Cc2ccccc2)cc(N)[nH]1
0	N/C=C\\C=C(\\N)O
0	N/C=C\\C=C(\\N)O
0	N/C1=C(\\Cl)CCC/C(Cl)=C(/N)C1
1	Nc1c(Br)sc(Br)c1N
0	NC[C@H]1CCc2cccc(N)c21
0	C[C@H]1C(=O)O[C@@H]2/C=C(/N)CC/C=C(/N)CC[C@@H]21
0	N#CC1=C(c2ccc(Cl)cc2)[C@@H](N)S/C1=C/N
1	Nc1cnc2ncc(N)cc2c1
0	CN(N)c1ccccc1N
0	NO[C@@H]1Cc2ccccc2N(N)C1
0	COC(=O)C1=C(C)C[C@@H]2[C@@H]1C=C(N)[C@]1(N)C[C@]21C
1	CC(C)(C)N1CN(N)CN(N)C1
1	N/C=C/c1cccc(N)c1
1	NC1=C(N)/C=C\\C=C/C=C1
0	COc1cc2c(cc1N)C(Cl)=C(N)C(C)(C)O2
1	Nc1cc2cccc3cccc(cc1N)c32
0	Nc1c2c(c(N)c3ccccc13)-c1cccc3cccc-2c13
0	N=c1ccc2c(ccc3[nH]c(=N)ccc32)[nH]1
0	C[C@H]1CC[C@@H]2C(C)(C)[C@@H](O)[C@@H](O)C[C@@]2(C)[C@]12Cc1c(O)cc(N)c(N)c1O2
0	N/C=C/c1ccc(N)s1
0	N[C@@H]1[C@H](N)[C@@H]1c1ccccc1
0	CC1=C(N)C(C)(C)CC[C@H]1N
0	C[C@@]12CCC(=O)C=C1CC[C@H]1[C@@H]3CC[C@H](C(=N)O)[C@]3(N)C[C@H](O)[C@H]12
0	Nc1ccc(N)c2c1C(=O)c1ccccc1-2
0	N=c1[nH]c2c(N)nn(-c3ccccc3)c2o1
0	NC1=C[C@H]2[C@H]3C=C[C@@H]1C(N)=C[C@@H]23
0	COc1c(C)c2c(c(N)c1Cl)Oc1c(N)c(O)c(Cl)c(C)c1C(=O)O2
1	Nc1cccc2c1[C@H]1c3ccccc3[C@@H]2c2c(N)cccc21
0	NN=C(O)c1ccc2c(c1N)Oc1ccccc1O2
0	NC1=C(N)c2cc(Cl)ccc2Cc2ccccc21
1	Nc1cc(N)c2c(c1)CCCCC2
0	NC1=C(N)[C@H]2C=C[C@@H]1CC2
0	Cc1cc(Br)c2c(c1)c(C)c(N)n2N
0	NN1c2ccccc2N(N)c2nc3ccccc3nc21
0	C/C=C1\\CN(N)[C@@H]2C[C@H]1[C@@H](C(=O)OC)[C@@]13C[C@H](O)O[C@@]21N(N)c1ccccc13
1	CC/C(N)=C/N
0	CC1=C(N)[C@](C)(N)CCC1
0	CC1=C(N)C=C(N)/C1=C\\O
0	N/C=C(/N)c1cccs1
0	Cc1cc2c(cc1C)Nc1c(N)sc(N)c1N2
1	CC1(C)C(=O)[C@@H](N)[C@@H](N)C1=O
0	NN1CCN(N)c2ccccc21
0	CC(=O)[C@@H]1C(C)(C)C[C@]2(C)C[C@H](N)C[C@]12N
1	Nc1ccc(-c2ccc(N)cc2Cl)cc1
1	Nc1ccc(-c2ccc(N)cc2Cl)cc1
1	Nc1ccc(-c2ccc(N)cc2Cl)cc1
0	C[C@H]1[C@H](O)C[C@@H]2C(C)(C)[C@H](O)CC[C@@]2(C)[C@@]12Cc1c(O)cc(N)c(N)c1O2
0	Cc1c(N)c(-c2ccccc2N)cc2ccccc12
0	N[C@H]1C[C@@H](N)c2ccc3cc[nH]c3c21
0	Nc1oc2c(Cl)cccc2c1N
0	Nc1ccc2c(c1)C1(c3ccccc3-2)c2ccccc2-c2ccc(N)cc21
0	NC1=C(N)Sc2sc(=O)sc2S1
0	NC1=C(N)Sc2sc(=O)sc2S1
0	Nc1ccccc1-c1cccnc1N
0	C[C@H]1CCc2c(cc(N)c(F)c2N)N1
0	CC1(C)CCC[C@@]2(C)[C@@H]1CC=C(N)[C@]2(N)O
0	NN=C1NN(N)[C@@H](c2ccccc2)S1
0	CC1(C)C[C@H]2C[C@@]3(Oc4c(N)c(O)c(N)c(c42)O1)[C@@H]1CC[C@@H](C1)C3(C)C
0	NN1CCN(N)c2ccccc2NC(S)=NCC(O)CN=C(S)Nc2ccccc21
0	Nc1cnc2c(N)sc3nc(C(F)(F)F)cc1-n-3-2
1	C/C=C1/CN2CC[C@@]34c5ccccc5N(N)[C@@H]3[C@H](N)[C@@H]1C[C@@H]24
0	Nc1cc2c3ccc(ccc1-3)CCc1ccc3c(N)cc(c-3cc1)CC2
1	COc1c(C)c(C)c(O)c(N)c1N
1	CC(C)(C)c1ccc(N)cc1N
0	CC1=C(N)[C@@H]([C@H](C)N)CC1
0	Nc1cc(N)c(Cl)s1
1	C/C(N)=C(/C)N
1	C/C(N)=C(/C)N
0	NN1C2=CCCC[C@@]2(N)c2cc(Cl)ccc21
0	NN1C2=CCCC[C@@]2(N)c2cc(Cl)ccc21
0	Nc1cc(N)c2cc3ccc4ccc(cc1-2)n43
0	Nc1ccccc1-c1cc2c(ccc3ccccc32)nc1N
0	Nc1cc(Br)c(N)s1
0	Nc1cc(C23C[C@H]4C[C@@H](C2)C[C@@H](C3)C4)c(N)s1
0	N=c1c(N)c[nH]c2ccccc12
0	CC1(C)CCC[C@@]2(C)[C@@H]1C(=O)C=C(N)[C@]2(N)O
1	Nc1sc(-c2sc(N)c(Br)c2Br)c(Br)c1Br
1	Nc1c(Cl)cc(Cl)c(N)c1Cl
1	Nc1cc(N)c2c(c1)CCCC2
0	CC1(C)OC[C@@H](CN)[C@@H](N)O1
0	C[C@@H]1CC[C@]2(C)[C@H](CC=C(N)[C@@]2(N)O)[C@]12CO2
0	C[C@]1(N)CC[C@@H](CN)C1=O
1	NC(=C\\O)/C(N)=C\\O
0	Cc1cc(N)oc1N
1	ClC/C=C/CCl
1	CC(C)(C)c1cc(CCl)cc(CCl)c1
0	ON=C(/C(Cl)=N/O)/C(Cl)=N/O
0	CC(O)=Nc1ccc(NN=C2C(Cl)=NN=C2Cl)cc1
0	N=C(Cl)Nc1cccc([C@H](Cl)C(=O)O)c1
1	ClCC[C@@H](Cl)c1ccccc1
1	O[C@@H](CCl)CCCl
0	O[C@H]1C[C@@H](O)[C@H](Cl)C[C@H]1Cl
0	O[C@H]1C[C@@H](O)[C@H](Cl)C[C@H]1Cl
0	O=C(O)[C@@H](Cl)C[C@H]1C[C@H]1Cl
0	[H]/N=C(\\Cl)N(/C(Cl)=N/[H])c1ccncc1
0	[H]/N=C(\\Cl)SS/C(Cl)=N\\[H]
0	CO[C@@H]1O[C@H]2CO[C@@H](c3ccccc3)O[C@H]2[C@@H](Cl)[C@H]1Cl
0	ClC1=N[C@@H](c2ccccc2)N(c2ccc(Cl)cc2)C(Cl)=N1
0	[H]/N=C(/Cl)SC[C@@H](Br)CCl
1	C=C(CCl)C(=C)CCl
1	N#C/C(Cl)=C(\\Cl)C#N
0	[H]/N=C(\\Cl)c1ccc2nc(N3C(=O)C[C@@H](Cl)c4ccccc43)[nH]c2c1
0	[H]/N=C(/Cl)N1CCC(CCl)CC1
1	Cl[C@H](c1ccccc1)[C@H](Cl)c1ccccc1
0	C/C(Cl)=C(\\C#N)C(=S)Cl
0	C/C(Cl)=C(\\C#N)C(=S)Cl
0	ClC1=N[C@@]2(Cl)N=CN=C2C=N1
0	[H]/N=C(\\Cl)SCCS/C(Cl)=N\\[H]
0	CC(C)[C@H](Cl)C(C)(C)CCl
0	CC1(C)N=C(Cl)N=C(Cl)N1CCc1ccccc1
0	N=C(Cl)N=C(O)NC(O)=NC(=N)Cl
0	O=C(O)[C@@H](Cl)CN=C(Cl)NO
0	CC1(C)N=C(Cl)N=C(Cl)N1c1cccc(-c2ccccc2)c1
0	CC1(C)N=C(Cl)N=C(Cl)N1c1cccc(-c2ccccc2)c1
1	ClC[C@H](Cl)C1CCCCC1
1	Cc1ccc([C@@H](Cl)CCl)cc1
0	CCOC(=O)C1=C(Cl)NC(Cl)=C2C(=O)Oc3ccccc3[C@@H]12
0	O[C@@H]1[C@H](Cl)[C@H](O)O[C@H](CCl)[C@@H]1O
1	CC1(C)C[C@H](Cl)C[C@@H](Cl)C1
1	CC1(C)C[C@H](Cl)C[C@@H](Cl)C1
0	O=S1(=O)N=C(Cl)C=C(Cl)N1CCc1ccccc1
0	O/N=C(\\Cl)c1cccc(/C(Cl)=N/O)n1
0	COc1ccc(NN=C2C(Cl)=NN=C2Cl)cc1O
1	O=C(O)[C@H](Cl)CCCl
0	ClCC1(CCl)CNC1
0	CC[C@@]1(C)N=C(Cl)N=C(Cl)N1c1ccc(OC)cc1
0	ClC1=NNN=C(Cl)C1
0	O[C@H]1CO[C@]2(CC[C@H]1O)[C@H](Cl)C[C@@H](Cl)[C@@H](O)[C@H]2O
0	ClC1=NN=C(Cl)C1=NNc1ccc(Cl)cc1
0	SC(Cl)=N/N=C\\C=N\\N=C(S)Cl
0	O=C1C(Cl)=C(C2=C(Cl)C(=O)c3ccccc3C2=O)C(=O)c2ccccc21
1	O[C@H]1O[C@H](CCl)[C@H](O)[C@@H](O)[C@@H]1Cl
0	O=S1(=O)N=C(Cl)C(=NO)C(Cl)=N1
0	C[C@H](Cl)[C@@H](Cl)c1ccccc1
0	N=C(Cl)N/N=C1/CC[C@@H]2[C@@H](CC[C@@H]3C/C(=N\\NC(=N)Cl)CC[C@@H]32)C1
0	COc1c(C)ncc(CCl)c1CCl
1	CC(C)(Cl)CCCCl
0	O=c1nc(O)c(/C=C/Br)cn1[C@H]1C[C@H](Cl)[C@@H](CCl)O1
0	N=C(Cl)NC(=N)c1cccc(C(=N)NC(=N)Cl)c1
1	Cl[C@@H]1CCCC[C@H]1Cl
0	C/C(Cl)=C\\C(=S)Cl
0	CC1(C)N=C(Cl)N=C(Cl)N1OCc1cc(Cl)c(Cl)cc1Cl
0	N#C[C@H](Cl)[C@H](Cl)C#N
0	CC1(C)C(=O)N=C(Cl)N=C1Cl
0	CC1(C)C(=O)N=C(Cl)N=C1Cl
0	SC(Cl)=NCN=C(S)Cl
0	Cl[C@H]1CC[C@H](C2([C@H]3CC[C@H](Cl)CC3)CCCCC2)CC1
1	COC1C[C@@H](Cl)C[C@H](Cl)C1
0	ClC1=NC2(c3ccccc3)N=C(Cl)NC2(c2ccccc2)N1
0	Cl[C@@]12C[C@H]3C[C@H]4[C@@H]1C[C@H]1C[C@@H]2[C@@H](C3)[C@]4(Cl)C1
1	O[C@@H](CCl)[C@@H](O)CCl
0	CC1(C)N=C(Cl)N=C(Cl)N1c1ccc(Cl)c(Cl)c1
1	C[C@]12CC[C@H](Cl)C[C@@H]1CC[C@H]1[C@H]2CC[C@@]2(C)[C@@H](Cl)CC[C@H]12
0	CS/C(Cl)=N\\N=C(S)Cl
0	Cl[C@@H]1CCC[C@@H]2[C@@H]1CCC[C@H]2Cl
1	Cl[C@@H](C1CCCCC1)[C@@H](Cl)C1CCCCC1
0	CC(C)(C)C1(C)O[C@@H](CCl)[C@H](CCl)O1
0	Cl[C@H](c1ccco1)[C@H](Cl)c1ccco1
0	ClC1=NN=C(Cl)C1=NNc1ccccc1
0	N=C(Cl)N=C(S)Cl
0	SC(Cl)=NN=C1Nc2ccccc2C1=NN=C(S)Cl
0	ClC[C@@H](Cl)C12C[C@H]3C[C@@H](C1)C[C@@H](C2)C3
1	CCC1(CC)C(Cl)=NC(=O)N=C1Cl
1	COC[C@@H](Cl)CCl
0	[H]/N=C(/Cl)c1ccc(-c2nc3cc(/C(Cl)=N\\[H])ccc3[nH]2)cc1
0	ClCC1=CC[C@@H](CCl)CC1
0	O=C(CCl)N=C(O)CCl
1	C[C@@H](CCl)CCCl
0	CC1(C)N=C(Cl)N=C(Cl)N1c1ccc(C(=O)O)cc1
0	C[C@H](Cl)C(C)(C)Cl
0	ClC1=NN=C(Cl)C1=NNc1nccs1
0	CC1(C)N=C(Cl)N=C(Cl)N1c1ccc(O)cc1
0	CC1(C)N=C(Cl)N=C(Cl)N1c1cccc(C(O)=Nc2cccnc2)c1
0	CC1(C)N=C(Cl)N=C(Cl)N1c1cccc(C(O)=Nc2cccnc2)c1
0	CC1(C)N=C(Cl)N=C(Cl)N1c1cc(Cl)cc(Cl)c1
0	[H]/N=C(\\Cl)c1ccc(-c2nc3cc(/C(Cl)=N/[H])ccc3[nH]2)cc1
1	Cl/C=C\\Cl
1	Cl/C=C\\Cl
0	CCOC(=O)c1ccc(N2C(Cl)=NC(Cl)=NC2(C)C)cc1
0	C[C@@H](Cl)Cc1cccc(C(C)(C)Cl)c1
1	C[C@@H](Cl)Cc1cccc(C(C)(C)Cl)c1
0	[H]/N=C(/Cl)c1ccc(-c2ccc(/C(Cl)=N\\[H])cc2)cc1
0	COC(=O)c1ccc(N2C(Cl)=NC(Cl)=NC2(C)C)cc1
0	ClC1(OOC2(Cl)CCCCC2)CCCCC1
0	Oc1ccc(NN=C2C(Cl)=NN=C2Cl)cc1
0	C[C@H](Cl)C(O)=N[C@@H]1CO[C@@H](O)[C@@H](Cl)[C@H]1O
0	C[C@H](Cl)C(O)=N[C@@H]1CO[C@@H](O)[C@@H](Cl)[C@H]1O
1	N=C(N)N=c1[nH]c(=NC(=N)N)[nH]c(=NC(=N)N)[nH]1
1	N[C@H]1CCC[C@H](N)CCC[C@@H](N)CCC1
0	CC(CN)(CN)CN
0	NC[C@H]1O[C@H](O[C@@H]2[C@@H](O)[C@@H](O)[C@@H](N)C[C@H]2N)[C@@H](O)[C@@H](O)[C@@H]1O
1	N/C=C/N
1	N[C@@H]1[C@H](O[C@@H]2[C@@H](O)[C@H](O)[C@H](N)C[C@H]2N)O[C@H](CO)[C@H](O)[C@@H]1O
0	O=S(=O)(O)[C@H]1NC(I)=NC(I)=C1I
0	O=S1(=O)N=C(I)C(I)=C(I)N1
0	O[C@H]1[C@@H](I)[C@H](O)[C@H](I)[C@@H](O)[C@@H]1I
1	I/C=C/I
0	Oc1ccccc1[C@H](F)[C@@H](F)c1ccccc1O
1	FC/C=C\\CF
0	C[C@H](F)C[C@H](C)CF
0	CCC1(CC)C(=O)N=C(F)N=C1F
0	O/N=C(F)/C(=N/O)C(/F)=N\\O
1	FC1=C(F)CCCC1
0	CC(O)=Nc1ccc(NN=C2C(F)=NN=C2F)cc1
0	CC(O)=Nc1ccc(NN=C2C(F)=NN=C2F)cc1
0	FC(S)=N/N=C\\C=N\\N=C(F)S
0	C[C@H]1C[C@@H](F)CC[C@@H]1C[C@@H]1CC[C@H](F)C[C@H]1C
0	FCC[C@@]12C[C@@H]3C[C@@H](C[C@@](CF)(C3)C1)C2
1	O=C(CF)OC(=O)CF
0	Oc1cccc(NN=C2C(F)=NN=C2F)c1
1	O[C@@H](CF)[C@@H](O)CF
0	C[C@@](F)(CF)c1ccccc1
0	[H]/N=C(\\F)SCCCF
0	O=C(O)[C@@H](F)CF
0	COc1cc(C)cc2c1C(=O)C(F)=C(c1c(C)cc3c(c1OC)C(=O)C(F)=CC3=O)C2=O
0	CC1(C)N=C(F)N=C(F)N1c1cccc(F)c1
0	OC(=NN=C(F)S)c1cccc(C(O)=NN=C(F)S)c1
0	CC1(C)N=C(F)N=C(F)N1OCc1ccc2ccccc2c1
0	FC1=N[C@H](c2ccc(Cl)cc2)N(c2ccc(Cl)cc2)C(F)=N1
0	C[C@](F)(C#N)[C@@](C)(F)C#N
0	CC1(C)N=C(F)N=C(F)N1c1cccc(-c2ccccc2)c1
0	O=C1N=C(F)C(=NO)C(F)=N1
0	CC1(C)N=C(F)N=C(F)N1c1cccc(C(=O)O)c1
1	OC[C@H](F)[C@@H](F)CO
0	FC1=NCN(c2ccc(Cl)cc2)C(F)=N1
0	[H]/N=C(/F)SCC#CCS/C(F)=N\\[H]
0	FC1=NN=C(F)C1=NNc1cc[nH]n1
0	CC(C)(F)c1ccc(C(C)(C)F)cc1
1	C[C@H](F)c1ccc([C@H](C)F)cc1
1	FCC1(CF)CCC1
0	[H]/N=C(\\F)c1ccc2[nH]c3ccc(/C(F)=N\\[H])cc3c2c1
0	CC(C)(C)OC(O)=NC[C@@H](F)CF
1	F[C@@H]1CCC[C@@H](F)C1
1	CC(C)C[C@@H](F)CF
1	CC(C)C[C@@H](F)CF
0	F/C=C\\C=C/F
0	COc1ccc(C2C(C#N)=C(F)SC(F)=C2C#N)cc1
0	F[C@@]12C[C@H]3C[C@@H](C1)C[C@]([C@@]14C[C@@H]5C[C@@H](C[C@@](F)(C5)C1)C4)(C3)C2
0	FC1=NCN(c2ccc(F)cc2)C(F)=N1
1	O=C1O[C@@H](CF)C[C@H]1F
1	C[C@@H](F)[C@H](F)C(=O)O
0	C/C(F)=C\\C(F)=S
1	O[C@H](CF)[C@@H](O)CF
1	O[C@H](CF)[C@@H](O)CF
0	O=C(/C(F)=C\\F)c1ccc(Cl)cc1
0	C[C@@H]1N=C(F)N=C(F)N1c1cccc(Cl)c1
0	FC(S)=NCN=C(F)S
0	[H]/N=C(\\F)c1cccc(-c2cc3cc(/C(F)=N\\[H])ccc3o2)c1
0	F[C@H]1CO[C@H]2[C@@H](F)CO[C@@H]12
0	Cc1ncc(CF)c(CF)c1Cl
0	FC1=NN=C(F)C1=NNc1c(F)cccc1F
0	FC1=NN=C(F)C1=NNc1c(F)cccc1F
0	FC1=NN=C(F)C1=NNc1ncc[nH]1
0	FC1=N[C@@H](c2ccccc2)N(c2cccc(Cl)c2)C(F)=N1
1	F[C@@H](c1ccccc1Cl)[C@@H](F)c1ccccc1Cl
1	F[C@@H](c1ccccc1Cl)[C@@H](F)c1ccccc1Cl
0	FC1=N[C@H](c2ccccc2)N(c2ccccc2)C(F)=N1
0	CC1(C)N=C(F)N=C(F)N1Cc1ccc(Cl)cc1
0	[H]/N=C(/F)c1ccc(-c2csc3ccc(/C(F)=N\\[H])cc23)cc1
0	CC1(C)N=C(F)N=C(F)N1c1ccc(-c2ccccc2)cc1
0	N=C(F)SC[C@H]1CN=C(F)S1
1	CC(C)(F)C(=O)C(C)(C)F
0	[H]/N=C1/C=C(F)/C(=N/[H])C=C1F
0	CC1(C)N=C(F)N=C(F)N1c1ccccc1
0	C[C@@H]1CC[C@@H](F)C[C@@H]1F
0	C[C@@H]1CC[C@@H](F)C[C@@H]1F
0	N=C(F)NC(=N)F
1	O=P(O)(CF)CF
0	F/C(=N/N=C(/F)c1ccccc1)c1ccccc1
0	OC(=N[C@@H]1C=C[C@@H](F)C[C@@H]1F)OCc1ccccc1
0	CC(C)(C)[C@@]1(C)O[C@H](CF)[C@H](CF)O1
0	FC1=NN=C(F)C1=NNc1cccc2ccccc12
0	FC(=S)c1cccc(C(F)=S)n1
0	CCC(F)(CC)CF
0	CCC(F)(CC)CF
1	F[C@H]1CCCC[C@@H]1SS[C@@H]1CCCC[C@H]1F
0	F[C@H]1[C@H](c2ccccc2)[C@H](F)[C@H]1c1ccccc1
0	FC(S)=NN=C1Nc2ccccc2C1=NN=C(F)S
0	OC[C@@H]1O[C@@H](O)[C@H](F)[C@H](F)[C@H]1O
1	OC[C@@H](F)CF
1	OCC[C@H](F)CF
0	Cc1ccc(/N=C(F)/C(F)=N/c2ccc(C)cc2)cc1
0	FCc1c(Cl)c(Cl)c(CF)c(Cl)c1Cl
0	CCC[C@]1(C)N=C(F)N=C(F)N1c1ccc(Cl)cc1
0	CC1(C)N=C(F)N=C(F)N1c1ccc(C#Cc2ccccc2)cc1
0	C[C@@H]1CCC[C@H](F)[C@@H]1F
0	F[C@@H]1C[C@H]1F
1	O/N=C(\\F)CF
0	FCC1=CC[C@@H](CF)CC1
1	FCC(F)(F)CF
1	C[C@H](F)c1ccc(-c2ccc([C@H](C)F)cc2)cc1
1	FCc1ccc(CF)o1
1	[H]/N=C(/F)c1ccc(-c2ccc(/C(F)=N\\[H])cc2)cc1
1	COC(=O)[C@H](N)CCN
0	N=C1N=NC(N)=C1NNc1cccc(C(F)(F)F)c1
0	N=C1N=NC(N)=C1NNc1cccc(C(F)(F)F)c1
0	CC(O)=Nc1ccc(N2C(=N)NC(=N)NC2(C)C)cc1
0	N=C(C[C@@H](N)c1ccccc1)NO
0	CC1(C)C[C@H](N)C[C@@](C)(CN)C1
0	N[C@H]1C[C@H](N)[C@@H](O)C(O)[C@@H]1O
0	CC1(C)CC(N)(CN)CC(C)(C)N1
1	C[C@H](N)[C@@H](N)CO
0	NC[C@@H]1[C@@H]2C=C[C@@H](C2)[C@H]1CN
1	CC(C)(C)OC(=O)N1CC[C@@H](N)[C@@H](N)C1
0	CC(O)=NCc1ccc(N2C(=N)NC(=N)NC2(C)C)cc1
0	NC[C@@H]1CC[C@H]1CN
0	NCC[C@@]12C[C@@H]3C[C@@H](C[C@@](CN)(C3)C1)C2
0	NC[C@H](O)[C@H](O)CN
0	CC(C)(N)C(=N)S
1	NC1=C(N)C(=O)c2ccccc2C1=O
0	CC1(C)C[C@H](N)C[C@](C)(CN)C1
1	N[C@H](C(=O)O)[C@H](N)c1ccccc1
1	N[C@H](c1ccccc1O)[C@H](N)c1ccccc1O
1	NCc1cccc(CN)n1
0	CCc1ccccc1N1C(=N)NC(=N)NC1(C)C
0	COc1cccc(NNC2=C(N)N=NC2=N)c1
0	CC1(C)NC(=N)NC(=N)N1Cc1ccccc1
0	N=C1NC(=N)N(c2ccc(Cl)cc2)C2(CCCCC2)N1
0	N=C1NC(=N)N(Cc2ccc(Cl)c(Cl)c2)[C@@H](c2ccccc2)N1
0	N=C1N=NC(N)=C1NNc1ccc2c(c1)OCCO2
0	C/C(N)=C(/C#N)C(=N)S
1	Cc1cc(C)cc([C@H](N)[C@H](N)c2cc(C)cc(C)c2)c1
0	NCCc1ccccc1CN
1	NCC#CC#CCN
0	CC1(C)NC(=N)NC(=N)N1OCc1ccc2ccccc2c1Br
0	N=C(N)SCCSC(=N)N
0	N=C1N=NC(N)=C1NNc1ccc(F)c(F)c1F
1	N[C@H]1CC[C@H](N)C1
0	N=C1N=NC(N)=C1NNc1ccc(F)c(F)c1
0	CC(=O)c1ccc(N2C(=N)NC(=N)NC2(C)C)cc1
1	COC(=O)C(CN)CN
1	N[C@@H]1COC[C@H]1N
0	Cc1ccc([C@@H](N)CN)cc1
0	N=C(NO)c1cccc(C(N)=NO)n1
1	CC1(C)NC(=N)NC(=N)N1OCc1ccc(Cl)cc1
1	Cc1cc(C)c(CN)c(C)c1CN
1	C[C@H](N)C[C@@H](C)N
0	N=C(N)N[C@@H]1[C@H](O)[C@H](O)[C@@H](O)[C@H](NC(=N)N)[C@H]1O
0	N=C1N=C(O)/C(=N\\Nc2ccccc2)C(=N)N1
0	N=C1N=NC(N)=C1NNc1cc[nH]n1
0	COCc1c2c(n3c1[C@H](OC)[C@@H](N)C3)C(=O)C(C)=C(N)C2=O
0	N=C(N)CC(=N)N
1	NC[C@@H]1CCCC[C@H]1CN
1	NCC1(CN)CCC1
0	N=C(N)N/N=C1/CC[C@H]2[C@H](CC[C@H]3C/C(=N/NC(=N)N)CC[C@H]32)C1
0	CC(=O)[C@]1(N)C(I)=CC(I)=C(N)[C@@H]1I
0	CC(C)(C)OC(O)=NC[C@@H](N)CN
0	Cc1ccc(C(N)=NN=C(N)c2ccc(C)cc2)cc1
1	CC(C)(N)CCCN
0	CC1=C(N)C(=O)c2c(CO)c3n(c2C1=O)C[C@H](N)C3
0	NC(=NO)C(N)=NO
1	CO[C@H]1O[C@@H](CN)[C@@H](O)[C@@H](N)[C@H]1O
0	NC12CCC(N)(c3ccccc31)c1ccccc12
0	CO[C@H]1O[C@H](CN)[C@@H](O)[C@H](N)[C@H]1O
1	N[C@H]1CO[C@H]2[C@@H](N)CO[C@@H]12
0	CC(C)C[C@H](N)CN
0	N[C@@H]1CC[C@H]1N
1	N[C@@H]1CC[C@H]1N
1	N[C@@H](c1ccccc1Cl)[C@H](N)c1ccccc1Cl
0	NCC1(N)CCN(Cc2ccccc2)CC1
0	N=C(N)c1ccc(-c2csc3ccc(C(=N)N)cc23)cc1
1	CO[C@H]1C=C[C@@H](OC)[C@H](N)[C@@H]1N
0	N[C@@]12C[C@H]3C[C@H]4[C@@H]1C[C@H]1C[C@@H]2[C@@H](C3)[C@]4(N)C1
0	NCC12CC3(CN)C[C@H](C1)C[C@H](C2)C3
0	CC(/C=N/NC(=N)S)=N\\NC(=N)S
0	CC(C)([C@H]1CC[C@H](N)CC1)[C@H]1CC[C@@H](N)CC1
1	CNC(CN)CN
0	CCOC(=O)[C@@H](N)C(=N)N
0	N=C(NNC(=N)c1ccccc1)c1ccccc1
0	N=C1N=NC(N)=C1NNc1cccc2ccccc12
0	N=C1N=NC(N)=C1NNc1cccc2ccccc12
0	NC12C[C@H]3[C@@H]4CC5(N)C[C@H]([C@@H](C1)[C@@H]3C5)[C@@H]4C2
0	NC12[C@H]3[C@H]4[C@@H]1[C@H]1[C@@H]2[C@@H]3C41N
0	C[C@](N)(C(=N)S)c1ccccc1
1	N[C@@H]1Cc2ccccc2[C@H]1N
1	Cc1cc(CN)c(O)c(CN)c1
0	N[C@H]1C[C@@H](N)[C@@H](O)[C@H](O)[C@@]12C[C@H](O)[C@@H](O)CO2
0	CC(O)=N[C@H]1[C@@H](N)C=C(C(=O)O)C[C@H]1N
0	N[C@H]1C[C@H]1N
1	NC[C@H]1CC[C@@H](CN)CC1
0	CC(O)=NC1=C(N)C(=O)C(N=C(C)O)=C(N)C1=O
0	Cc1ccccc1NNC1=C(N)N=NC1=N
1	C[C@@H](CN)CCN
1	NCC(F)(F)CN
1	NC[C@@H](N)CO
1	C[C@@H](N)c1ccc(-c2ccc([C@@H](C)N)cc2)cc1
1	CC1(C)NC(=N)NC(=N)N1c1ccccc1I
1	C[C@H](N)[C@@H](N)c1ccccc1
0	N=C1N=NC(N)=C1NNc1ccc(O)cc1
0	OC[C@@H]1O[C@H](O[C@@H]2[C@@H](O)[C@H](O)[C@@H](Cl)C[C@H]2Cl)[C@@H](Cl)[C@@H](O)[C@H]1O
0	N=C(Cl)N=c1[nH]c(=NC(=N)Cl)[nH]c(=NC(=N)Cl)[nH]1
0	N=C(Cl)N=c1[nH]c(=NC(=N)Cl)[nH]c(=NC(=N)Cl)[nH]1
1	Cl[C@H]1CCC[C@H](Cl)CCC[C@@H](Cl)CCC1
0	O=S1(=O)N=C(Cl)C(Cl)=C(Cl)N1
1	ClCC(Cl)CCl
0	O[C@H]1[C@@H](Cl)[C@H](O)[C@@H](Cl)[C@@H](O)[C@H]1Cl
0	OC[C@H]1O[C@H](O[C@H]2[C@H](Cl)C[C@H](Cl)[C@@H](O)[C@H]2O)[C@H](Cl)[C@H](O)[C@H]1O
1	ClCC[C@H](Cl)CCl
1	OC[C@H]1O[C@@H](O[C@@H]2[C@@H](O)[C@H](O)[C@@H](Cl)C[C@H]2Cl)[C@@H](Cl)[C@@H](O)[C@H]1O
0	O[C@H]1[C@H](O)[C@@H](Br)[C@@H](O)[C@@H](Br)[C@@H]1O
0	Cc1ccccc1N1C(Br)=NC(Br)=NC1(C)C
1	BrCc1ccc(CBr)c2ccccc12
1	CC(C)(C)c1cc(CBr)cc(CBr)c1
0	S=C(Br)CBr
1	OC(CBr)CBr
1	O[C@@H]1[C@@H](Br)C[C@@H](Br)[C@@H](O)[C@H]1O
0	BrC1=NN=C(Br)C1=NNc1ccc2ccccc2c1
0	C[C@]1(Br)CNCCNC[C@](C)(Br)CNCCNC1
0	C[C@]1(Br)CNCCNC[C@](C)(Br)CNCCNC1
0	N=C(Br)Nc1cccc([C@@H](Br)C(=O)O)c1
0	C[C@H]1C[C@@H](Br)CC[C@@H]1C[C@@H]1CC[C@H](Br)C[C@H]1C
1	Clc1cc(CBr)cc(CBr)c1
0	CC1(C)[C@@H]2C[C@H]1CC[C@@]2(Br)CBr
0	O=C(O)[C@@H](Br)C[C@H]1C[C@H]1Br
0	O=C(O)[C@@H](Br)C[C@H]1C[C@H]1Br
1	BrCC[C@@]12C[C@@H]3C[C@@H](C[C@@](CBr)(C3)C1)C2
1	O=C(CBr)OC(=O)CBr
0	[H]/N=C(\\Br)N(/C(Br)=N/[H])c1ccncc1
1	CN1CCC(Br)(CBr)CC1
0	BrC1=NC2(CCCCC2)N(OCc2ccccc2)C(Br)=N1
0	S=C(Br)SSC(=S)Br
1	CC(C)(C)[C@@H](Br)CBr
1	Cc1cc(C)c([C@@H](Br)[C@H](Br)c2c(C)cc(C)cc2C)c(C)c1
0	CC1(C)O[C@@H]2[C@H](Br)CSC[C@H](Br)[C@H]2O1
0	CC1(C)N=C(Br)N=C(Br)N1OCc1ccc(Br)cc1
1	[H]/N=C(/Br)SCCCBr
0	Oc1ccccc1[C@@H](Br)[C@H](Br)c1ccccc1O
1	Oc1ccccc1[C@@H](Br)[C@H](Br)c1ccccc1O
0	Clc1cc(Cl)cc(NN=C2C(Br)=NN=C2Br)c1
1	CC(C)(C)[C@H](Br)[C@@H](Br)C(C)(C)C
1	O=C(O)[C@@H](Br)CBr
1	CC(C)(CBr)CBr
0	Br[C@H]1CC[C@H]1Br
0	BrC1=NN=C(Br)C1=NNc1ccc2c(c1)OCCO2
1	Br[C@H]1CC=CC[C@@H]1Br
1	Br[C@@H](c1ccccc1)[C@@H](Br)c1ccccc1
0	S=C(Br)C(=S)Br
1	O=C1C(Br)=C(Br)C(=O)c2nsnc21
1	CC(C)[C@H](Br)C(C)(C)CBr
1	CC(C)[C@H](Br)CBr
1	Br[C@H](c1ccccc1)[C@H](Br)c1ccccc1
1	O=C1N=C(Br)C(=NO)C(Br)=N1
1	COc1ccc([C@H](Br)[C@H](Br)c2ccc(OC)cc2)cc1
0	COc1ccc(NN=C2C(Br)=NN=C2Br)cc1O
1	O=C(O)[C@H](Br)CCBr
1	BrCc1ccccc1-c1ccccc1CBr
0	Br[C@H]1[C@H]2CC[C@H](C2)[C@H]1Br
0	N#C/C(Br)=C(C#N)/N=C/C=N/C(C#N)=C(/Br)C#N
0	O[C@H]1[C@H](O)[C@H]2CO[C@@H]3O[C@@H](CO[C@H](O2)[C@H]1Br)[C@@H](O)[C@H](O)[C@H]3Br
1	BrCC(Br)CBr
0	COc1cccc(N2C(Br)=NC(Br)=NC2(C)C)c1
0	S=C(Br)C(C(=S)Br)c1ccccc1
0	Br[C@H]1C[C@@H]2C[C@H]1C[C@@H]2Br
0	COc1ccc(C2C(C#N)=C(Br)SC(Br)=C2C#N)cc1
1	Br[C@H]1CCC[C@@H]1Br
1	O[C@@H](CBr)[C@@H](O)CBr
0	O=C(/C(Br)=C/Br)c1ccc(Cl)cc1
0	N=C(Br)Nc1ccc(-c2ccc(NC(=N)Br)cc2)cc1
1	BrCCC#CCCBr
0	N=C(Br)NC[C@H](Br)C(=O)O
0	BrCC1(Br)CCN(Cc2ccccc2)CC1
1	C[C@@H]1CC(C)(C)[C@@H](CBr)[C@H]1Br
0	CC1(C)[C@H](CBr)CC[C@]1(C)CBr
0	[H]/N=C1/C=C(Br)/C(=N/[H])C=C1Br
0	CC1(C)N=C(Br)N=C(Br)N1c1ccccc1
1	Oc1cc(Cl)c([C@H](Br)[C@H](Br)c2c(Cl)cc(O)cc2Cl)c(Cl)c1
0	O=C1C(Br)=C(N2CC2)C(=O)C(Br)=C1N1CC1
1	BrCc1c2ccccc2c(CBr)c2ccccc12
1	BrCc1c2ccccc2c(CBr)c2ccccc12
0	CS/C(Br)=N/N=C(S)Br
0	S=C(Br)Nc1ccc(NC(=S)Br)cc1
0	[H]/N=C(\\Br)c1ccc2[nH]c(-c3ccc(/C(Br)=N\\[H])cc3)cc2c1
0	BrC12C[C@H]3[C@@H]4CC5(Br)C[C@H]([C@@H](C1)[C@@H]3C5)[C@@H]4C2
0	CC[C@@H]1C[C@@H](CC)[C@@H](Br)[C@H](C)[C@H]1Br
1	N#Cc1ccc([C@H](Br)[C@H](Br)c2ccc(C#N)cc2)cc1
0	C[C@](Br)(C(=S)Br)c1ccccc1
1	BrC1=NN=C(Br)C1=NNc1nc2ccccc2s1
0	CC[C@@H]1C[C@H](C)[C@@H](Br)[C@@H](CC)[C@H]1Br
1	O[C@H]1O[C@@H](CBr)[C@H](O)[C@H](O)[C@@H]1Br
0	CC1(C)O[C@@H](CBr)[C@H](CBr)O1
1	Br[C@H]1CCCCCC[C@@H]1Br
0	CC(C)(C)c1ccc(N2C(Br)=NC(Br)=NC2(C)C)cc1
0	[H]/N=C(/Br)c1ccc(-c2nc3cc(/C(Br)=N\\[H])ccc3[nH]2)cc1
1	O=C(CBr)CBr
1	Cc1ccccc1[C@@H](Br)[C@H](Br)c1ccccc1C
1	Br[C@@H]1CCc2ccccc2[C@H]1Br
1	O=C(CBr)CCBr
0	CON1C(Br)=NC(Br)=NC1(C)C
0	O/N=C(Br)/C(=N\\O)C(=N\\O)/C(Br)=N\\O
0	CC(C)(C)c1cccc(N2C(Br)=NC(Br)=NC2(C)C)c1
0	CC(C)(C)c1cccc(N2C(Br)=NC(Br)=NC2(C)C)c1
1	CO[C@H]1O[C@@H](CBr)[C@@H](O)[C@H](O)[C@H]1Br
0	OC[C@H]1CCC[C@@H](CO)CCC[C@@H](CO)CCC1
0	CC(CCO)(CCO)CCO
1	CC(CCO)(CCO)CCO
0	O=C1O[C@@H](CCO)[C@H](CO)[C@H]1CO
1	OC[C@H]1C[C@@H](CO)C[C@@H](CO)C1
1	O=P(CCO)(CCO)CCO
0	OC[C@@H]1C[C@@H](CO)[C@H](O[C@H]2O[C@H](CO)[C@@H](O)[C@@H](CO)[C@@H]2O)[C@H](O)[C@H]1O
0	CN1CCc2cc(Br)cc(Br)c21
0	Br[C@H]1[C@H]2C=C[C@@H]1[C@H](Br)C2
1	Brc1cc2sc3cc(Br)sc3c2s1
0	N#Cc1c2cccccc-2c(Br)c1Br
0	Brc1cc(Br)c(N2CCOCC2)o1
0	Clc1cc(Br)cc(Br)c1Cl
1	OCc1cc(Br)cc(Br)c1O
0	C[C@@H]1CC[C@@H]2C(C)(C)[C@H](O)CC[C@]2(C)[C@@]12Cc1c(O)cc(Br)c(Br)c1O2
1	Brc1cc(Br)c2c(c1)CCC2
0	Br[C@@H]1/C=C\\C=C/[C@H](Br)C/C=C\\1
0	CN1C=C[C@H](c2c(Br)[nH]c3ccccc23)C(Br)=C1
1	C/C=c1\\c2c(/c(=C\\C)c3c1CC[C@@H](Br)C3)CC[C@@H](Br)C2
0	BrC1=S=C(Br)c2cc3ccccc3cc21
1	BrC#CC1(C#Cc2ccccc2C#CC2(C#CBr)OCCCO2)OCCCO1
1	Brc1ccnc(-c2nccc(Br)n2)n1
0	COc1c(O)c(Br)c(Br)c(Br)c1O
1	Clc1ccc2nc(Br)c(Br)nc2c1
1	Br[C@H]1C=C[C@@H](Br)N1
0	C#CC1C(Br)=CN(c2c(C)cccc2C)C=C1Br
0	C[C@]12C=C(Br)[C@](O)(Br)C[C@@H]1CCCC2
0	BrN1CCC[C@H]([C@@H]2CCCCN2Br)C1
1	Brc1[nH]c(Br)c2c1CCCC2
1	CCc1c(O)c(Br)cc(Br)c1O
0	Cc1c(Br)n(Br)c2ccc(Cl)cc12
0	Cc1c(Br)n(Br)c2ccc(Cl)cc12
0	O=C1C(Br)=C(Cl)NC2=C(Br)CCCN12
0	Oc1c(Br)cc(Br)cc1C1CCCCC1
1	Brc1cc(C#Cc2ccccc2)cc(Br)n1
0	CC1(C)CC2=C(Br)[C@]3(Br)C[C@]3(C)[C@H](O)[C@]2(O)C1
0	BrC1=C(Br)[C@@H]2O[C@H]1C1=C2[C@H]2C=C[C@@H]1CC2
0	BrC1=C(Br)[C@@H]2O[C@H]1C1=C2[C@H]2C=C[C@@H]1CC2
0	C[C@H]1C=C(Br)C(Br)=C[C@H]2CC(C)(C)C[C@@H]21
0	Brc1ccc2c(c1)oc1ccc(Br)cc12
1	Brc1ccc2c(c1)oc1ccc(Br)cc12
0	Br[C@H]1[C@H](Br)C12c1ccccc1-c1ccccc12
0	Br[C@H]1[C@H](Br)C12c1ccccc1-c1ccccc12
0	CC1(C)CC[C@H](O)[C@]2(C)[C@@H](Br)C(Br)=CC[C@H]12
0	C[C@H]1C(=O)O[C@H]2/C=C(/Br)CC/C=C(/Br)CC[C@H]21
1	Brc1cccc2c1Oc1cccc(Br)c1O2
0	CCn1c(Cl)c(Br)c2cccc(Br)c21
1	Br[C@@H]1CCC[C@H]1[C@H]1CCC[C@H]1Br
1	COc1c(Br)cc(Br)c(O)c1C
1	CC(C)(Br)/C=C/Br
0	C[C@@H]1CCC[C@@](C)(Br)[C@H]1Br
0	C[C@]1(O)C[C@@]23CC[C@@H]4[C@](C)(Br)CCC[C@@]4(Br)[C@@H]2CC[C@@H]1C3
1	CC[C@@]1(Br)CC=C(Br)CC1
1	Brc1cc(-c2cc(Br)on2)no1
1	Sc1c(Br)cccc1Br
0	Oc1c(Cl)c2c(O)c(Cl)c1N(Br)CCCCCCCCCCCCN2Br
1	Br[C@H]1CC/C=C\\CC/C=C\\CC[C@H]1Br
0	C[C@@H]1C=C(Br)[C@@H](Br)[C@H](O)[C@H]2CC(C)(C)C[C@@H]12
1	Br[C@H]1C[C@H](Br)[C@@H]2CCC[C@@H]12
0	CC1=C(Br)C(C)(C)[C@@H](Br)CC1
0	O=C1c2ccccc2-c2c(Br)ccc(Br)c21
0	COc1ccc2c(c1Br)Oc1ccc(O)c(Br)c1O2
0	CC(C)/C(Br)=C/Br
0	Cc1c(Br)c2sccn2c1Br
0	C[C@H](Br)[C@H]1O[C@H](Br)[C@H]2OC(C)(C)O[C@@H]12
1	Cc1sc(C)c2cc(Br)c(Br)cc12
1	Cc1sc(C)c2cc(Br)c(Br)cc12
0	C[C@]12CCC[C@@](C)(Br)[C@H]1CC[C@]1(Br)OC(=O)CC[C@H]21
1	Brc1cn(-c2ccccc2)cc1Br
0	C[C@]1(O)c2ccoc2[C@H](O)[C@@](C)([C@@]2(O)CCCC[C@@H]2Br)[C@H]1Br
0	CC(C)(C)c1cc(Br)c(Br)o1
1	Cc1ccc(-c2cc(Br)cc(Br)c2)cc1
0	Oc1c(Br)ccc2cccc(Br)c12
0	Cc1c(Br)cc(Br)c(O)c1C
0	CC1=C(Br)C=C(Br)/C1=C\\O
0	Brc1c2ccccc2c(Br)c2ncccc12
0	CN1C=C(Br)C=C[C@H]1c1c(Br)[nH]c2ccccc12
0	C[C@H]1[C@H](O)C[C@@H]2C(C)(C)[C@@H](O)CC[C@@]2(C)[C@@]12Cc1c(O)cc(Br)c(Br)c1O2
1	Cc1cc(C)cc2c(Br)cc(Br)c-2c1
0	CC1(C)O[C@@H]2[C@@H](Br)C[C@H](Br)[C@@H]2O1
0	Cc1cc(Cl)c2c(c1)c(C)c(Br)n2Br
0	Br[C@H]1[C@@H]2C=C[C@@H](C2)[C@H]1Br
1	Brc1ccccc1-c1cccnc1Br
0	Brc1cc(I)c(Br)[nH]1
0	Cc1ccc2c(Br)c3ccccc3c(Br)c2c1Cl
0	OC(=NBr)N=C(O)NBr
0	OC1=C(Br)CC[C@H]2C(O)=C(Br)CC[C@H]12
0	CO[C@@]12OO[C@@H](O1)[C@H]1C[C@H](Br)[C@H](Br)[C@H]12
0	Br[C@H]1c2ccccc2[C@@H]2[C@H]1[C@@H]2Br
1	CCc1c(Br)cc(C)cc1Br
0	CC1(C)C[C@@H]2C[C@H](Br)[C@]3(Br)C[C@]3(C)[C@@H]2C1
0	Oc1c(Br)sc(Br)c1O
1	Oc1ccc2c(c1Br)Oc1ccc(O)c(Br)c1O2
0	BrC1=C2c3ccccc3CCN2[C@@H]2O[C@H]1N1CCc3ccccc3C1=C2Br
1	Brc1sc(-c2sc(Br)c(Br)c2Br)c(Br)c1Br
0	COc1ccc2c(c1)[C@]1(Br)CCC[C@@](C)(Br)[C@@H]1CC2
0	CC(=O)O[C@@H]1CC[C@@H]2[C@H]3C=Cc4c(cc(Br)c(Cl)c4Br)[C@H]3CC[C@@]12C
1	Clc1ccc(-c2ccc(N(c3ccc(-c4ccc(Cl)cc4)cc3)c3ccc(-c4ccc(Cl)cc4)cc3)cc2)cc1
1	C[C@]1(Cl)C[C@@](C)(Cl)C[C@@](C)(Cl)C1
1	Clc1cc(Cl)c(Cl)c(Cl)c1Cl
1	COc1cc2c(cc1Cl)Cc1cc(OC)c(Cl)cc1Cc1cc(OC)c(Cl)cc1C2
0	Clc1csc(Cl)c1Cl
0	ClN1CCOCCOCCOCCOCCN(Cl)CCN(Cl)CC1
0	ClN1CCOCCOCCOCCOCCN(Cl)CCN(Cl)CC1
1	Clc1cc2c3c4c1Cc1cc(Cl)c5c(c14)c1c(cc(Cl)c(c31)C2)C5
0	N[C@H]1C[C@@H](N)[C@H](O[C@H]2O[C@H](CO)[C@@H](O)[C@H](N)[C@H]2O)[C@@H](O)[C@@H]1O
0	COC(=O)[C@@]12C[C@]1(I)C(I)=C[C@@H]1CC(C)(C)C[C@H]12
0	ClC1=C(I)C(c2ccccc2)C(I)=C(Cl)N1
0	Ic1ccccc1-c1cc2c(cc1I)sc1ccccc12
0	O/C=C(/I)c1[nH]nc(Cl)c1I
1	Cc1cc(C)c(-c2c(C)cc(C)cc2I)c(I)c1
0	C=C1COC(=O)c2c(I)cc3ccccc3c2-c2c(c(I)cc3ccccc23)C(=O)OC1
1	Ic1ccc(C#Cc2ccc3c4c(ccc(C#Cc5ccc(I)cc5)c24)CC3)cc1
0	Clc1cc(I)c(Cl)c(Cl)c1I
0	C=C(I)[C@@H]1CC[C@]2(C)CCC=C(I)[C@H]2C1
0	IC1=C[C@@H]2C=C(I)[C@@H]3C=C[C@H]1[C@H]23
1	Ic1c2cccccc-2cc1-c1cc2cccccc-2c1I
0	CC1(C)[C@@H](I)[C@]2(C#N)C[C@@]1(C#N)[C@H](I)C2(C)C
0	C/C(I)=C\\[C@H]1[C@H](I)C1(C)C
1	Cc1cc(O)cc(I)c1-c1c(C)cc(O)cc1I
0	COc1ccc2c(c1)C(I)=C(I)c1ccccc1C2
1	Ic1ccnc(-c2nccc(I)n2)n1
1	COc1c(O)c(I)c(Br)c(I)c1O
1	I[C@H]1C=C[C@@H](I)N1
0	C[C@@H](I)C#C/C=C/[C@@H](C)I
0	I[C@@]12[C@@H]3C[C@H]4[C@H]5[C@@H]3[C@@H]3C[C@H]5[C@]5([C@H]6C=C[C@H](C=C6)[C@]315)[C@]42I
0	I[C@H]1CCC[C@H](I)[C@H]2COC[C@@H]12
0	SC1=NCCCN=C(S)Nc2ccccc2N(I)CCN(I)c2ccccc2N1
1	Ic1cc2c(cc1I)CCC2
1	Cc1c(I)ccc(O)c1I
0	Ic1ccccc1-c1cc2sc3ccccc3c2cc1I
0	IN=C1NN(I)C2(CCCCC2)S1
0	Ic1c[nH]c2ccc3c(ccc4[nH]cc(I)c43)c12
0	C[C@@H]1CC[C@H](I)[C@H]1I
0	I/C1=C/NCCC/N=C/C(I)=C\\NCCC\\N=C/1
0	C[C@H]1C[C@@H](O)[C@H](CI)[C@H]1I
0	C[C@H]1CC[C@]2(C)C(I)=CCC[C@@H]2[C@]1(C)CI
0	CN1CCCc2cc(I)cc(I)c21
1	IC12CCCCC1(I)CCCC2
0	CC1(C)OCc2c(I)cnc(I)c2O1
0	C[C@@H]1CC[C@H](I)[C@H]1CI
0	Clc1cc2nc(I)c(I)nc2cc1Cl
1	Clc1cc2nc(I)c(I)nc2cc1Cl
1	Brc1c(I)[nH]c(I)c1Br
0	N#CC1=C(c2ccc(Cl)cc2)[C@@H](I)S/C1=C/I
0	N#CC1=C(c2ccc(Cl)cc2)[C@@H](I)S/C1=C/I
0	COC(=O)C1=C(C)C[C@@H]2[C@@H]1C=C(I)[C@]1(I)C[C@]21C
0	Cc1cccc2oc(I)c(I)c12
0	C=C(I)[C@@H]1C[C@H](O)C(C)=C1I
1	CC(C)(I)/C=C/I
1	CC(C)(I)/C=C/I
0	CC1(C)CCC[C@@]2(C)[C@H]1CC[C@]1(C)[C@@H](I)C(I)=CC[C@H]21
1	Ic1c2ccccc2c(-c2c3ccccc3c(I)c3ccccc23)c2ccccc12
1	I/C=C/c1ccc(I)s1
0	CC1=C(I)C(C)(C)[C@@H](I)CC1
1	Cc1cc(C)c(I)c(-c2cc(C)cc(C)c2I)c1
0	C/C=c1\\c2c(/c(=C\\C)c3c1[C@H](C)C[C@@H](I)[C@@H]3C)[C@H](C)[C@H](I)C[C@@H]2C
0	CC(=O)Oc1c(Br)c(Br)c(I)c(I)c1Br
1	C[C@]12CCC(=O)C=C1CC[C@H]1[C@@H]3CC[C@H](C(=O)I)[C@]3(I)C[C@@H](O)[C@@H]12
0	Cc1cc(N(C)C)c(I)cc1I
0	I[C@@]12CC=CC[C@@]1(I)C2
0	CC1(C)C/C=C(/I)CC/C=C(/I)C[C@H]2O[C@@H]21
0	Cc1cc2c(ccc3sc(I)c(-c4c(I)sc5ccc6sc(C)cc6c45)c32)s1
0	COc1c(C)c2c(c(I)c1Cl)Oc1c(I)c(O)c(Cl)c(C)c1C(=O)O2
1	Cc1[nH]c2c(c1I)Sc1[nH]c(C)c(I)c1S2
1	IC1=CCC=C1I
1	Ic1c2c(cc3c1CC1(C3)Cc3cc4c(c(I)c3C1)CCCC4)CCCC2
0	ClC1=C(I)C[C@@H]2C(I)=CC[C@H]12
1	Ic1c2ccccc2cc2c(I)c3ccccc3cc12
0	I[C@H]1[C@H]2c3ccccc3[C@H](c3ccccc32)[C@@H]1I
1	Cc1c(-c2csc(I)c2C)csc1I
0	C[C@]1(O)c2ccoc2[C@@H](O)[C@](C)([C@]2(O)CCCC[C@H]2I)[C@@H]1I
0	CC(C)(C)c1cc(I)c(I)o1
0	C#C[C@]1(OI)CC[C@H]2[C@@H]3CC[C@H]4Cc5oc(I)cc5C[C@@]4(C)[C@H]3CC[C@]21C
0	Cc1c(I)cc(I)c(O)c1C
0	CC(=O)O[C@H]1CC[C@]2(C)C[C@]2(I)[C@H]1I
0	CCC1=C(I)[C@H](I)[C@H](O)CC1
0	Ic1c2ccccc2c(I)c2ncccc12
0	I[C@]12CCCC[C@@]1(I)CC2
0	Cn1cc(I)c2nc3c(I)cnc(O)c3c(-c3ccccc3)c2c1=O
0	I[C@H]1C[C@H](I)c2c1ccc1cc[nH]c21
0	CC(C)(C)N(I)/C=C/I
0	Oc1c(Br)cc(I)c(O)c1I
1	CC(C)(C)/C(C#CC#C/C(=C/I)C(C)(C)C)=C\\I
1	Ic1cc(-c2cc(I)c3ccccc3n2)nc2ccccc12
0	Oc1c(Br)c(Br)c(I)c(I)c1Br
0	Cc1cc(Br)c2[nH]c(I)c(I)c2c1
0	CC(=O)[C@@]1(C)[C@@H]2CC(C)(C)C[C@]2(I)C[C@H]1I
0	N#C/C(I)=C\\CI
0	I/C1=C/C2=Cc3ccccc3C=C(/C=C(/I)C1)C2
0	IN=C1NN(I)[C@H](c2ccccc2)S1
0	Brc1cc(I)[nH]c1I
0	Cc1cccc(I)c1-c1cc2ccccc2cc1I
1	Cc1cccc(I)c1-c1cc2ccccc2cc1I
1	IC#Cc1cccc2cc3cccc(C#CI)c3cc12
0	Clc1ccc2c(c1)[C@@]1(I)CCCC=C1N2I
0	Brc1cc(N2CCN(I)CC2)ccc1I
0	CC(C)(I)C#CI
0	Oc1c(I)sc(I)c1O
0	O=C1O[C@@H]2CC[C@@H](I)[C@@H]2[C@H]1CI
0	O=C1CC[C@H]2[C@@H](I)C[C@@H]3CC[C@]12[C@H]3I
0	CC1C[C@@H](I)/C=C\\C=C/[C@H](I)C1
0	CC1(C)[C@]2(C)N=N[C@@]1(C)[C@H](I)[C@H]2I
0	Ic1ccc(-c2ccoc2I)[nH]1
0	C[C@@H]1OC(=O)[C@H](n2c(I)ccc2I)[C@H]1C
0	Cc1ccc2c(I)cccc2c1I
0	I[C@H]1C[C@H]2CCC[C@@]2(I)C1
0	C=C1CC[C@H]2[C@@](C)(I)CCC[C@@]2(C)[C@@H]1CI
0	C=C1CC[C@H]2[C@@](C)(I)CCC[C@@]2(C)[C@@H]1CI
0	Oc1c(I)ccc(I)c1I
0	O=S1(=O)[C@H](I)CC[C@H]1I
0	COC(=O)[C@@]12C[C@]1(Cl)C(Cl)=C[C@H]1CC(C)(C)C[C@H]12
0	CC1(C)CCC[C@@]2(C)[C@H]1CC[C@]1(Cl)C(=O)CC(Cl)=CC[C@H]21
0	CC1(C)CCC[C@@]2(C)[C@@H]1CC[C@@H](Cl)[C@@]2(O)Cl
1	Clc1cc2sc3cc(Cl)sc3c2s1
1	COc1c(Cl)cc(Cl)c(C)c1Cl
1	Clc1cc2ccccc2c(-c2nc(Cl)cc3ccccc23)n1
1	ClC1=C(Cl)c2cc(-c3ccc4c(c3)C(Cl)=C(Cl)CC4)ccc2CC1
0	Clc1sc(Cl)c(Cl)c1Cl
1	ClC[C@@H]1CCC[C@@H](Cl)C1
0	ClC1=C2CCc3cc4c5cc3CCC2=C(Cl)/C=C(CC5)\\C(=C/1)CC4
1	Cc1cc(C)c(-c2c(C)cc(C)cc2Cl)c(Cl)c1
0	Clc1sc(Cl)c2c1ncc1sccc12
0	C[C@]12Cc3cc(Cl)oc3C[C@H]1CC[C@H]1[C@@H]3CC[C@@H](OCl)[C@]3(C)CC[C@H]12
0	COc1cccc2c1CC[C@H]1[C@@]2(Cl)CCC[C@@]1(C)Cl
0	Cn1c(Cl)c(Cl)c(Cl)c1N1CCCCC1
0	Cn1c(Cl)c(Cl)c(Cl)c1N1CCCCC1
0	Oc1cc2c(Cl)c(O)ccc2cc1Cl
1	CC1=C/C(Cl)=C\\C(C)=C/C(Cl)=C1
0	Oc1c(Cl)cc2ccccc2c1Cl
0	ClN1CC(Br)CN1Cl
1	Clc1ccnc(-c2nccc(Cl)n2)n1
0	C#CC1C(Cl)=CN(c2c(C)cccc2C)C=C1Cl
0	ClC1=C(Cl)C(=CN2CCOCC2)C(Cl)=C(Cl)C1
1	ClC1=C(Cl)C(=CN2CCOCC2)C(Cl)=C(Cl)C1
0	Clc1ccc2c(ccc3cc(-c4ccccc4)c(Cl)cc32)c1
0	SC1=NCCCN=C(S)Nc2ccccc2N(Cl)CCN(Cl)c2ccccc2N1
0	ClN1CCC[C@@H]([C@H]2CCCCN2Cl)C1
0	Cl/C=C/c1cc2cccccc-2c1Cl
0	CC1=C(Cl)[C@]2(C)[C@@H](OCl)CC[C@@H](C)[C@@H]2[C@H]2OC(C)(C)O[C@H]12
0	CC1(C)[C@@H](Cl)CC[C@]1(C)Cl
1	Oc1c(Cl)ccnc1-c1nccc(Cl)c1O
0	C[C@@H]1CCC[C@]2(C)[C@H](Cl)C(Cl)=CC[C@H]12
0	C=Cc1c(Cl)[nH]c(Cl)c1C
1	Cc1ccc(-c2ccc(Cl)cc2)cc1Cl
0	O[C@@H](Cl)[C@H]1CS[C@H](Cl)O1
0	Clc1cccc2c1-c1c(Cl)cccc1/C=C\\C/C=C\\2
0	Cl/C1=C/NCCC/N=C/C(Cl)=C\\NCCC\\N=C/1
1	Cc1ccc(C)c2c1[C@@H](Cl)c1ccccc1[C@H]2Cl
0	C[C@H]1CC[C@@]2(C)C(Cl)=CCC[C@@H]2[C@]1(C)CCl
0	Cc1sc(Cl)cc1Cl
0	Cl[C@@H]1[C@H](Cl)C[C@@H]2[C@H]3OO[C@H](O3)[C@H]12
0	Cl[C@@H]1[C@H](Cl)C[C@@H]2[C@H]3OO[C@H](O3)[C@H]12
1	ClC[C@@H]1CCC[C@H]1Cl
0	C[C@@H]1CC[C@@H](Cl)[C@@H]1CCl
0	Cc1cc2c(cc1Cl)[C@@H]1c3ccccc3[C@H]2c2ccc(Cl)cc21
0	C[C@H](Cl)C#C/C=C/[C@@H](C)Cl
0	CN1C[C@H](Cl)[C@@H](OCl)[C@H]2c3ccccc3CC[C@@H]21
0	Cc1cc(C(C)(C)C)cc(C)c2c(Cl)c(Cl)cc1-2
0	CC1=C(Cl)C(=O)N2C(=C(Cl)CC[C@H]2C)N1
0	CC1=C(Cl)C(=O)N2C(=C(Cl)CC[C@H]2C)N1
0	Oc1nc2c(ccc3c(O)c(Cl)c(O)nc32)c(O)c1Cl
0	COc1cc2c(cc1Cl)C(Cl)=C(Cl)C(C)(C)O2
0	C[C@H]1CC[C@H]2C(C)(C)[C@@H](O)[C@@H](O)C[C@@]2(C)[C@]12Cc1c(O)cc(Cl)c(Cl)c1O2
1	Sc1c(Cl)cccc1Cl
0	Clc1ccsc1Cl
0	C[C@@H]1C=C(Cl)[C@@H](Cl)[C@@H](O)[C@@H]2CC(C)(C)C[C@H]12
0	CC1=C(Cl)C(C)(C)[C@@H](Cl)CC1
0	Cc1cc2cc(Cl)c1CCc1c(C)cc(cc1Cl)CC2
0	ClN1CCc2c([nH]c3ccc(Br)cc23)[C@@H]1[C@H]1CCCN1Cl
0	Cc1ccc(Cl)c(C)c1Cl
0	CN1C=C(Cl)[C@H]2C[C@@H]1C(Cl)=CN2C
1	O=C1c2ccccc2-c2c(Cl)ccc(Cl)c21
1	Clc1ccc2c(c1)[nH]c1cc(Cl)ccc12
0	Cc1c(Cl)c2sccn2c1Cl
0	Cl[C@H]1[C@H](c2ccccc2)C[C@@H](Cl)[C@]23OCCO[C@]12OCCO3
0	Cl[C@H]1[C@H](c2ccccc2)C[C@@H](Cl)[C@]23OCCO[C@]12OCCO3
1	Cc1sc(C)c2cc(Cl)c(Cl)cc12
0	ClC1=C[C@H]2[C@H]3C=C[C@@H]1C(Cl)=C[C@@H]23
1	CC(O)=Nc1sc(Cl)cc1Cl
0	C[C@@]1(Cl)CCC[C@]2(C)[C@@H]1CC[C@]1(Cl)OC(=O)CC[C@H]12
0	Cc1cc2c(ccc3sc(Cl)c(-c4c(Cl)sc5ccc6sc(C)cc6c45)c32)s1
0	Cc1cc2c(ccc3sc(Cl)c(-c4c(Cl)sc5ccc6sc(C)cc6c45)c32)s1
1	Clc1cn(-c2ccccc2)cc1Cl
0	Cc1[nH]c2c(c1Cl)Sc1[nH]c(C)c(Cl)c1S2
0	Cc1c(Cl)ccc2c(Cl)cccc12
0	Cl[C@H]1C[C@@H](Cl)C1
0	ClC1=C(Cl)c2cc(Cl)ccc2Cc2ccccc21
1	Clc1cc(Cl)c2c(c1)CCCCC2
0	Clc1cccc2c1-c1cccc(Cl)c1-2
0	ClC1=C(Cl)[C@H]2C=C[C@@H]1CC2
0	Cl[C@]12C=C[C@](Cl)(OO1)O2
1	Cc1ccc(-c2cc(Cl)cc(Cl)c2)cc1
0	ClC1=NNc2c(Cl)nn(-c3ccccc3)c2O1
0	C#C[C@@]1(OCl)CC[C@H]2[C@H]3CC[C@@H]4Cc5oc(Cl)cc5C[C@@]4(C)[C@H]3CC[C@]21C
0	Cc1ccc(C)c2c1C[C@@H](OCl)[C@H]1[C@@H]2[C@]2(O)OC[C@@]1(Cl)[C@@H](C)[C@@H]2O
0	CN1c2ccccc2C(Cl)=C(N2CCN(Cl)CC2)c2sccc21
1	CC(C)(C)C(=O)c1cc(Cl)[nH]c1Cl
0	COc1cc(Cl)c(Cl)c2c1C[C@@]1(O2)[C@H](C)CC[C@@H]2C(C)(C)C=CC[C@]21C
0	C[C@@H](Cl)N(C)Cl
1	Cc1ccc(-c2cc(Cl)cc(Cl)c2C)cc1
0	CC(C)(C)[C@@H]1CN(Cl)c2ccccc2N1Cl
0	Clc1cccc2sc3cccc4cc(Cl)n(c12)c43
1	Clc1ccccc1-c1cccnc1Cl
1	Clc1ccccc1-c1cccnc1Cl
0	Cl[C@]12O[C@H]3CC[C@@H]4[C@H]3[C@H]1[C@@H]1[C@@H]3[C@@H]2[C@@H]2CC[C@@H]5O[C@@](Cl)([C@H]3[C@@H]52)[C@H]41
0	Cl[C@H]1[C@@H]2[C@@H](Cl)[C@H]12
0	Cc1cc2c(cc1Cl)CC1(C2)Cc2cc(C)c(Cl)cc2C1
1	Cc1cc2c(cc1Cl)CC1(C2)Cc2cc(C)c(Cl)cc2C1
1	Clc1ccc2ccc(Cl)nc2c1
1	Oc1ccc2c(O)c(Cl)ccc2c1Cl
0	Cl[C@H]1CCCCCCCC[C@H](Cl)CCCCCCCC1
1	ClCc1cc(Cl)cc(Cl)c1
0	CC1=C(C)[C@@H]2CC=C(Cl)[C@H](Cl)[C@]2(C)CC1
0	COc1c(Cl)cc(C(F)(F)F)cc1Cl
0	CC1(C)[C@@H](O)CC[C@]2(C)[C@H](Cl)C(Cl)=CC[C@H]12
1	O=C1c2ccc(Cl)cc2C(=O)c2cc(Cl)ccc21
0	CC1(C)[C@@H]2CC[C@H](Cl)[C@]23C[C@H]1CC=C3Cl
1	C=C(C)[C@H]1C[C@](C)(Cl)C[C@]1(C)Cl
0	ClC1C[C@]12C[C@@H]2Cl
0	ClC1=CC=CC=C2C(Cl)=CC=CC=C12
1	O=C1c2ccc(Cl)cc2C(=O)c2c1ccc(Cl)c2-c1c(Cl)ccc2c1C(=O)c1cc(Cl)ccc1C2=O
1	C#CC1C(Cl)=CN(C2CCCCC2)C=C1Cl
0	Cl[C@]12c3ccccc3[C@H]1[C@@H]1O[C@@]2(Cl)c2ccccc21
0	Oc1c(Cl)sc(Cl)c1O
0	CC1(C)[C@]2(C)N=N[C@@]1(C)[C@@H](Cl)[C@@H]2Cl
0	Clc1ccc(-c2ccoc2Cl)[nH]1
0	ClN1CCCN(Cl)c2ccccc21
0	CC(C)(C)S(=O)(=O)c1c(Cl)csc1Cl
0	COc1ccc2c(c1)[C@]1(Cl)CCC[C@@](C)(Cl)[C@H]1CC2
1	Cc1c(C)c(Cl)c2c(c1C)CCc1c(Cl)c(C)c(C)c(C)c1CC2
0	O=c1c(Cl)cc(Cl)c2ccccn12
0	CC(=O)O[C@@H]1CC[C@@H]2[C@H]3C=Cc4c(cc(Cl)c(Cl)c4Cl)[C@@H]3CC[C@]12C
0	Clc1cc(Cl)c(N2CCCC2)o1
0	C[C@]1(Cl)CC[C@@H](CCl)C1=O
1	OC/C(C[C@@H](CO)c1ccccc1)=N\\O
0	O=C1N=C(CO)N=C(CO)/C1=N/O
1	OCCCCCCCCCO
1	OCC[C@H]1CCCC[C@H]1CO
1	C[C@@H](CO)[C@H](CO)C(=O)O
1	C[C@@H](CO)[C@H](CO)C(=O)O
1	OCCC(O)CCO
1	OCC1=C(CO)CCCC1
0	C[C@]1(CO)CNCCNC[C@@](C)(CO)CNCCNC1
0	OCC(=S)N=C(S)CO
0	CC(O)=Nc1ccc([C@@H]2N=C(CO)N=C(CO)N2c2cccc(Cl)c2)cc1
0	CC[C@H]1N=C(CO)N=C(CO)N1c1ccc(Cl)cc1
0	CC[C@H]1N=C(CO)N=C(CO)N1c1ccc(Cl)cc1
0	N=C(CO)Nc1ccc2c(c1)Cc1ccc(NC(=N)CO)cc1C2
1	OCCc1cccc(-c2cccc(CCO)c2)c1
1	O=C(CCO)OC(=O)CCO
0	CC1(C)N=C(CO)N=C(CO)N1c1cccc(S(=O)(=O)F)c1
0	C[C@@](CO)(CCO)c1ccccc1
0	CO[C@H]1O[C@H]2CO[C@@H](c3ccccc3)O[C@H]2[C@@H](CO)[C@@H]1CO
0	CC1(C)N=C(CO)N=C(CO)N1c1cccc([C@H](O)c2ccccc2)c1
0	OC[C@@H]1[C@H]2c3ccccc3[C@H](c3ccccc32)[C@H]1CO
0	CC1=C(CO)C(=O)c2c(CO)c3n(c2C1=O)C[C@H](CO)[C@H]3O
0	[H]/N=C(\\CO)SCCCCO
1	C[C@](CO)(c1ccccc1)[C@@](C)(CO)c1ccccc1
1	C[C@](CO)(c1ccccc1)[C@@](C)(CO)c1ccccc1
1	[H]/N=C(/CO)CCCO
0	O=C1N=C(O)C(CO)=C/C1=C1\\C=C(CO)C(O)=NC1=O
0	Cc1cc(C)cc(N2C(CO)=NC(CO)=NC2(C)C)c1
1	OCc1cccc(C#CC#Cc2cccc(CO)c2)c1
1	[H]/N=C(/CO)c1cccc(-c2cccc(/C(CO)=N\\[H])n2)n1
0	CC[C@](CO)(CCO)c1ccccc1
1	OC[C@@H](c1ccccc1)[C@@H](CO)c1ccccc1
0	[H]/N=C(/CO)SCCS/C(CO)=N/[H]
0	CC1(C)N=C(CO)N=C(CO)N1c1ccc(Br)cc1
1	OC[C@H]1CC[C@H](CC[C@H]2CC[C@H](CO)CC2)CC1
0	CC[C@](C)(CO)CCO
1	C[C@@H]1[C@@H](CO)CCC[C@H]1CO
0	CC1(C)N=C(CO)N=C(CO)N1c1cccc(-c2ccccc2)c1
1	CC1(C)C[C@@H](CO)C[C@@H](CO)C1
0	CC1(C)N=C(CO)N=C(CO)N1OCc1ccc(Cl)cc1
1	Cc1cc(C)c(CCO)c(C)c1CCO
1	[H]/N=C(/CO)CCO
0	Cc1ccc(N=C(S)CO)cc1N=C(S)CO
0	OCC1=NN=C(CO)C1=NNc1cc[nH]n1
1	CC(C)(CO)c1ccc(C(C)(C)CO)cc1
0	N=C(CO)N=c1nnc(=NC(=N)CO)[nH][nH]1
1	CC(C)([C@H]1CC[C@@H](CO)CC1)[C@H]1CC[C@@H](CO)CC1
1	C[C@@H](CO)[C@@H](C)CO
0	CC1(C)N=C(CO)N=C(CO)N1OCc1cc(Cl)c(Cl)cc1Cl
0	N=C(CO)N[C@H]1CC[C@H]([C@H](CO)C(=O)O)CC1
0	CC1(C)C(=O)N=C(CO)N=C1CO
0	Cc1ncc(CCO)c(CCO)c1Cl
0	Cc1ncc(CCO)c(CCO)c1Cl
1	OCC1=NN=C(CO)C1=NNc1c(F)cccc1F
1	OCC1=Nc2ccccc2N=C(CO)C1
0	C[C@@]1(CO)CCC[C@H](CO)C1
0	O=C(O)[C@H](CO)C[C@H]1CC[C@@H](CO)CC1
0	C[C@@](CO)(CCO)C(=O)O
0	C[C@@](CO)(CCO)C(=O)O
0	OC[C@@]12C[C@H]3C[C@H]4[C@@H]1C[C@H]1C[C@@H]2[C@@H](C3)[C@]4(CO)C1
0	OCC1=CC(=S)C(CO)=CC1=S
0	CC1(C)[C@@H](CCO)CC[C@@]1(C)CCO
0	CC1(C)[C@H](CO)C(C)(C)[C@H]1CO
0	CC/C(CO)=C(/C#N)C(=S)CO
0	CC1(C)N=C(CO)N=C(CO)N1c1ccccc1
1	OCC[C@H](CO)c1cccc(F)c1
1	OCC[C@@H]1CC[C@H](CCO)O1
0	OCC1=NC2=NCCN2C(CO)=N1
0	OCC[C@H]1CC[C@H](CCO)O1
0	OCC1=NN=C(CO)C1=NNc1ccccc1
0	N#CC1=C(CO)SC(CO)=C(C#N)C1c1cccs1
1	CC1(C)[C@@H](CO)CC[C@@]1(C)CO
1	OC[C@H]1[C@H](c2ccccc2)[C@H](CO)[C@@H]1c1ccccc1
0	OC[C@@H]1CCCC[C@@H]1C[C@H]1CC[C@@H](CO)CC1
1	OCCc1cccc2cc3cccc(CCO)c3cc12
1	OCCC1(CCO)CCCC1
0	C[C@@](CO)(C(=S)CO)c1ccccc1
1	OCC[C@@H]1CCC[C@H]1CO
1	Cc1cc(CCO)c(O)c(CCO)c1
0	CCOc1cccc(N2C(CO)=NC(CO)=NC2(C)C)c1
0	OC[C@@H]1C[C@@H](CO)[C@]2(CC[C@@H](O)[C@H](O)CO2)[C@@H](O)[C@@H]1O
1	OCC[C@H]1O[C@@H](O)[C@@H](CO)[C@@H](O)[C@H]1O
0	C[C@@H](ON1C(CO)=NC(CO)=NC1(C)C)c1c(Cl)cccc1Cl
0	CC1(C)N=C(CO)N=C(CO)N1OCc1cccc2ccccc12
1	CCC1(CC)C(CO)=NC(=O)N=C1CO
1	OC[C@H]1CCCC[C@@H](CO)CCCC1
1	COC(=O)[C@H](CO)CCO
1	COC(=O)[C@H](CO)CCO
1	COC(=O)[C@H](CO)CCO
1	OCC[C@H]1CC[C@@H](CCO)CC1
1	O=C(O)[C@H](CO)CCO
1	OCC/C(CO)=N\\O
0	CC(O)=NC1=C(CO)C(=O)C(N=C(C)O)=C(CO)C1=O
0	C[C@@H]1OC(=O)C(CO)=C1CO
0	OCC(=N\\O)/C(=N\\O)C(=N/O)/C(CO)=N/O
0	OC[C@H]1[C@@H](O)CN=C(O)[C@H]1CO
0	N=C(CO)NC(CO)=NCCc1ccccc1
1	[H]/N=C(\\CO)c1ccc(-c2nc3cc(/C(CO)=N\\[H])ccc3[nH]2)cc1
0	CC(C)(C)c1cccc(N2C(CO)=NC(CO)=NC2(C)C)c1
0	CC(C)(CO)[C@H]1CC[C@](C)(CO)CC1
0	OC[C@H]1CC2(C[C@H](CO)C2)C1
0	OC[C@H]1CC2(C[C@H](CO)C2)C1
0	O=S1(=O)N=C(CO)C=C(CO)N1Cc1ccccc1
1	OC[C@H]1CC[C@H](C[C@H]2CC[C@H](CO)CC2)CC1
0	CC1(C)N=C(CO)N=C(CO)N1c1ccccc1I
0	OC[C@H]1[C@H]2c3ccccc3[C@H](c3ccccc32)[C@@H]1CO
1	CO[C@@H]1O[C@H](CCO)[C@H](O)[C@@H](O)[C@@H]1CO
0	NN1CCOCCN(N)CCN(N)CC1
0	NN1CCOCCN(N)CCN(N)CC1
1	Nc1c2cccccc-2c(N)c1N
1	C[C@]12c3ccc(N)cc3[C@]3(C)c4ccc(N)cc4[C@@](C)(c4cc(N)ccc41)[C@]23C
0	C[C@]12c3ccc(N)cc3[C@]3(C)c4ccc(N)cc4[C@@](C)(c4cc(N)ccc41)[C@]23C
1	Nc1cc(N)c(Cl)c(N)c1Cl
0	CC(=O)N1[C@@H]2[C@H]3N(N)[C@H]4[C@@H](N2N)N(C(C)=O)[C@@H]([C@@H]1N3C(C)=O)N4N
1	Nc1cccc(C#Cc2ccc(C#Cc3ccccc3N)cc2N)c1
1	Cc1cc(N)c(N)cc1N
0	NN1CCCN(N)CCN(N)CCCNCC1
0	BrN1CCOCCN(Br)CCN(Br)CC1
1	Brc1ccc(C#Cc2ccc(N(c3ccc(C#Cc4ccc(Br)cc4)cc3)c3ccc(C#Cc4ccc(Br)cc4)cc3)cc2)cc1
1	Clc1c(Br)cc(Br)cc1Br
1	Clc1c(Br)cc(Br)cc1Br
0	C=C1COCCN(Br)CCN(Br)CCN(Br)CCOC1
0	Brc1ccc2c(Br)ccc(Br)c2c1
1	Cc1c(Br)c(Br)c(Br)n1C
0	BrN1CCCN(Br)CCOCCN(Br)CCC1
0	BrN1CCCN(Br)CCOCCN(Br)CCC1
0	Clc1c(Cl)c(Br)c(Br)c(Cl)c1Br
0	Br[C@H]1[C@@H]2[C@H]3OO[C@H](O3)[C@@H]2[C@H](Br)[C@@H]1Br
0	C[C@](C(=O)O)(c1ccc(Cl)cc1)[C@H](C(=O)O)c1ccc(Cl)cc1
0	CO[C@@H]1O[C@H](CC(=O)O)[C@H](O)[C@H](C(=O)O)[C@@H]1O
0	Cc1ccccc1N1C(C(=O)O)=NC(C(=O)O)=NC1(C)C
1	Cc1cc(C)c([C@@H](C(=O)O)[C@@H](C(=O)O)c2c(C)cc(C)cc2C)c(C)c1
1	O=C(O)CC(O)CC(=O)O
0	[H]/N=C(/C(=O)O)c1ccc(-c2cc3cc(/C(=N\\[H])C(=O)O)ccc3o2)cc1
0	O=C(O)C1=NN=C(C(=O)O)C1=NNc1ccc2ccccc2c1
0	O=C(O)C(=S)N/N=C\\C=N\\NC(=S)C(=O)O
0	O=C(O)[C@H]1C[C@@H](C(=O)O)[C@H](O)C[C@H]1O
1	O=C(O)[C@H]1C[C@@H](C(=O)O)[C@H](O)C[C@H]1O
0	CC1(C)N=C(C(=O)O)N=C(C(=O)O)N1c1ccc(Cc2ccccc2)cc1
0	CC(O)=NCc1ccc(N2C(C(=O)O)=NC(C(=O)O)=NC2(C)C)cc1
0	[H]/N=C(\\SCS/C(=N/[H])C(=O)O)C(=O)O
0	C[C@]1(C(=O)O)CNCCNC[C@@](C)(C(=O)O)CNCCNC1
1	O=C(O)CC(=O)OC(=O)CC(=O)O
0	O=C(O)C1=NN=C(C(=O)O)C1=NNc1cccc(O)c1
1	O=C(O)C[C@H](O)[C@H](O)CC(=O)O
0	CC1(C)N=C(C(=O)O)N=C(C(=O)O)N1c1cccc([C@@H](O)c2ccccc2)c1
0	CC1(C)N=C(C(=O)O)N=C(C(=O)O)N1OCc1ccc(Br)cc1
0	CC1(C)N=C(C(=O)O)N=C(C(=O)O)N1OCc1ccc(Br)cc1
0	CCOc1ccc(N2C(C(=O)O)=NC(C(=O)O)=NC2(C)C)cc1
0	O=C(O)C1=CC(F)(F)[C@@](F)(Br)C(OCCCl)=C1C(=O)O
0	C[C@](C(=O)O)(c1ccccc1)[C@](C)(C(=O)O)c1ccccc1
1	N#CC1=C(C(=O)O)SC(C(=O)O)=C(C#N)C1c1ccncc1
0	COc1cccc(NN=C2C(C(=O)O)=NN=C2C(=O)O)c1
1	O=C(O)C[C@H]1CCC[C@@H](CC(=O)O)C1
1	O=C(O)[C@H](c1ccc(Cl)cc1)[C@@H](C(=O)O)c1ccc(Cl)cc1
0	Cc1ccc(N2C(C(=O)O)=NC(C(=O)O)=NC2(C)C)cc1
0	CCC[C@H]1N=C(C(=O)O)N=C(C(=O)O)N1c1ccc(Cl)cc1
0	CCC[C@H]1N=C(C(=O)O)N=C(C(=O)O)N1c1ccc(Cl)cc1
0	[H]/N=C(/C(=O)O)c1cccc2c1CC/C2=N\\N=C(N)C(=O)O
0	NC(=NN=C1C=CC(=NNC(=S)C(=O)O)C=C1)C(=O)O
0	O=C(O)C1=NN=C(C(=O)O)C1=NN[C@H]1CNCCO1
1	O=C(O)[C@H]1CC[C@H](CC[C@H]2CC[C@@H](C(=O)O)CC2)CC1
0	O=C(O)C1=NN=C(C(=O)O)C1=NNc1ccc(F)c(F)c1F
1	O=C(O)C[C@@H](C(=O)O)C1CCCCC1
1	O=C(O)[C@H]1CCCCC[C@@H]1C(=O)O
0	C[C@H](C(=O)O)C(C(=O)O)(c1ccc(F)cc1)c1ccc(F)cc1
0	O=C1N=C(C(=O)O)C(=NO)C(C(=O)O)=N1
0	O=C(O)C1=NN=C(C(=O)O)C1=NNc1ccc(C(F)(F)F)cc1
0	CO[C@H]1O[C@H](CC(=O)O)CC[C@@H]1C(=O)O
0	COc1ccc(NN=C2C(C(=O)O)=NN=C2C(=O)O)cc1
0	[H]/N=C(\\CC(=O)O)C(=O)O
0	O=C(O)C1=NN=C(C(=O)O)C1=NNc1cccc(Cl)c1
0	O=C(O)C1=NN=C(C(=O)O)C1=NNc1ccc(Cl)cc1
0	O=C(O)[C@H]1[C@H]2OC[C@@H]3O[C@H](OC[C@@H](O2)[C@@H](O)[C@H]1O)[C@H](C(=O)O)[C@@H](O)[C@H]3O
0	O=C(O)C1=NN=C(C(=O)O)C1=NNc1cc[nH]n1
1	O=C(O)Cc1c(Cl)c(Cl)c(Cl)c(CC(=O)O)c1Cl
0	O=C(O)C1=C(C2=C(C(=O)O)C(=O)c3ccccc3C2=O)C(=O)c2ccccc2C1=O
0	O=C(O)C(=S)C(C(=S)C(=O)O)c1ccccc1
0	C[C@@H](C(=O)O)[C@H]1CC[C@@H]2[C@H]3CC=C4C[C@H](C(=O)O)CC[C@@]4(C)[C@@H]3CC[C@]12C
1	CC(C)(CCCC(=O)O)C(=O)O
0	O=C(O)[C@@]12C[C@H]3C[C@@H](C1)C[C@]([C@@]14C[C@@H]5C[C@@H](C[C@@](C(=O)O)(C5)C1)C4)(C3)C2
0	O=C(O)C(S)=NN=C(S)C(=O)O
0	CC1=C(C(=O)O)C(=O)c2c(CO)c3n(c2C1=O)C[C@H](C(=O)O)C3
0	C[C@H](C(=O)O)[C@H](C)C(=O)O
0	CC(C)NC(=NC(=Nc1ccc(Cl)cc1)C(=O)O)C(=O)O
0	[H]/N=C(/C(=O)O)c1ccc2c(c1)[nH]c1cc(/C(=N\\[H])C(=O)O)ccc12
0	O=C(O)C(=S)NCCNC(=S)C(=O)O
0	CC1(C)N=C(C(=O)O)N=C(C(=O)O)N1c1cccc(Br)c1
0	N#C[C@@H](C(=O)O)[C@H](C#N)C(=O)O
0	Cc1ncc(CC(=O)O)c(CC(=O)O)c1Cl
0	Cc1cn([C@@H]2C[C@H](C(=O)O)[C@H](CC(=O)O)O2)c(=O)nc1O
1	O=C(O)[C@H]1CC[C@H]1C(=O)O
1	O=C(O)C1=Nc2ccccc2N=C(C(=O)O)C1
1	C#C[C@@H](CC[C@@H](C)C(=O)O)C(=O)O
0	O=C(O)CC1(C(=O)O)CCN(Cc2ccccc2)CC1
0	N=C(N=C(N)C(=O)O)N1CCN(C(=N)N=C(N)C(=O)O)CC1
1	CO[C@H]1C=C[C@@H](OC)[C@H](C(=O)O)[C@@H]1C(=O)O
1	CO[C@H]1C=C[C@@H](OC)[C@H](C(=O)O)[C@@H]1C(=O)O
1	CC(CC(=O)O)(C(=O)O)C(=O)O
1	O=C(O)[C@H]1C[C@@H]2C[C@@H](C(=O)O)C[C@@H]2C1
0	[H]/N=C(/C(=O)O)c1ccc(CC(=O)O)cc1
0	O=C(O)C(=S)[C@H](C(=O)O)c1ccccc1
1	CC(C)(C)c1ccc(/N=C(C(=O)O)/C(=N/c2ccc(C(C)(C)C)cc2)C(=O)O)cc1
1	O=C(O)Cc1cccc2cc3cccc(CC(=O)O)c3nc12
1	O=C(O)Cc1ccc(CC(=O)O)s1
1	O=C(O)[C@H]1C[C@@H]2C[C@H]1C[C@H]2C(=O)O
0	CCC(CC)(CC(=O)O)C(=O)O
0	[H]/N=C(/C(=O)O)c1ccc(-c2cc3cc(/C(=N\\[H])C(=O)O)ccc3[nH]2)cc1
0	O=C(O)C(=S)SCCSC(=S)C(=O)O
0	C[C@H]1C[C@@H](C[C@H]2CC[C@H](C(=O)O)[C@H](C)C2)CC[C@H]1C(=O)O
1	O=C(O)CC1(CC(=O)O)CCCC1
0	O=C(O)C1=NN=C(C(=O)O)C1=NNc1nc2ccccc2s1
1	O=C(O)c1cccc(C#Cc2ccccc2C(=O)O)c1
0	CC1(C)O[C@H](CC(=O)O)[C@@H](CC(=O)O)O1
1	O=C(O)C[C@H]1CCCC[C@H]1C(=O)O
0	O=C(O)C[C@@H](O)[C@H]1NC(C(=O)O)=N[C@H]1C(=O)O
1	O=C(O)[C@H]1CCCC[C@@H](C(=O)O)CCCC1
0	NC(=NN=C1C=CC(=NNC(=S)C(=O)O)C=C1)C(=O)O
0	CC(O)=N[C@@H]1[C@@H](C(=O)O)C=C(C(=O)O)C[C@@H]1C(=O)O
1	O=C(O)CC(=O)CC(=O)O
0	CC1(C)N=C(C(=O)O)N=C(C(=O)O)N1c1ccc(C#Cc2ccccc2)cc1
1	O=C(O)C[C@@H](O)C(=O)O
1	O=C(O)[C@H](c1ccc(C(F)(F)F)cc1)[C@@H](C(=O)O)c1ccc(C(F)(F)F)cc1
0	C[C@H]1C[C@H]2C[C@@H](C)[C@H]3CC[C@](C)(C(=O)O)[C@@H]4CC[C@@H]([C@@H]2[C@H]34)[C@@]1(C)C(=O)O
1	O=C(O)[C@H]1CC[C@H]([C@H]2CC[C@@H](C(=O)O)CC2)CC1
0	O=C(O)C(S)=Nc1ccc(-c2ccc(N=C(S)C(=O)O)cc2)cc1
0	O=C(O)C1=NN=C(C(=O)O)C1=NNc1nccs1
0	O=C(O)C1=NN=C(C(=O)O)C1=NNc1nccs1
0	O=C(O)C1=NN=C(C(=O)O)C1=NNc1ccc(S(=O)(=O)O)c2ccccc12
1	O=C(O)/C=C/C(=O)O
0	CC(=N\\N=C(N)C(=O)O)/C(C)=N/N=C(N)C(=O)O
0	O=Cc1cc(C=O)c(C=O)[nH]1
0	Cc1c(C=O)c2n(c1C=O)CCn1c-2cc(C=O)c1C
0	O=Cc1ccc2[nH]c3c4[nH]c5ccc(C=O)cc5c4c4c5cc(C=O)ccc5[nH]c4c3c2c1
1	O=Cc1ccc(C#Cc2cc(C=O)cc(C=O)c2)cc1
0	O=Cc1cc2c3c4c1Cc1cc(C=O)c5c(c14)c1c(cc(C=O)c(c31)C2)C5
1	O=Cc1c(O)c(C=O)c(Cl)c(C=O)c1Cl
1	O=Cc1c(O)c(C=O)c(Cl)c(C=O)c1Cl
1	O=Cc1c(O)c(C=O)c(Cl)c(C=O)c1Cl
0	O=Cc1ccc2nc3cc(C=O)c4cc5cc(C=O)ccc5nc4c3cc2c1
1	C[C@@H](Br)N([C@@H](C)Br)[C@@H](C)Br
0	O=C1OC[C@@H](Br)C(=O)OC[C@@H](Br)C(=O)OC[C@@H]1Br
1	BrCc1cc(CBr)cc(CBr)c1
1	Br/C=C\\Br
0	IN1CCOCCN(I)CCN(I)CC1
1	Clc1c(I)cc(I)cc1I
1	Ic1ccc2c(c1)[C@H]1c3ccc(I)cc3[C@@H]2c2cc(I)ccc21
1	Ic1cccc2c1[nH]c1c3[nH]c4c(I)cccc4c3c3c4cccc(I)c4[nH]c3c21
0	Ic1ccc2nc3cc(I)c4cc5cc(I)ccc5nc4c3cc2c1
0	Cc1cc(I)c(I)cc1I
0	Cc1cc(I)c(I)cc1I
0	IN1CCCN(I)CCN(I)CCCNCC1
0	C=C1COCCN(CO)CCN(CO)CCN(CO)CCOC1
1	OCc1ccc(-c2ccc(N(c3ccc(-c4ccc(CO)cc4)cc3)c3ccc(-c4ccc(CO)cc4)cc3)cc2)cc1
1	OCc1ccc(-c2ccc(N(c3ccc(-c4ccc(CO)cc4)cc3)c3ccc(-c4ccc(CO)cc4)cc3)cc2)cc1
0	OCc1cc(CO)c(CO)[nH]1
0	OCc1csc(CO)c1CO
1	OCN1CCNCCN(CO)CCN(CO)CC1
0	OCc1cc(CO)c(CO)s1
1	OCc1c(Cl)c(CO)c(Cl)c(CO)c1Cl
1	OCc1c(Br)c(CO)c(Br)c(CO)c1Br
1	CC(C)(C)OC(=O)[C@H](N)CN
0	C/C(N)=C/C(=N)S
0	CC/C(N)=C(/C#N)C(=N)S
1	C[C@@](N)(c1ccccc1)[C@](C)(N)c1ccccc1
1	N[C@@H](c1ccccc1O)[C@@H](N)c1ccccc1O
0	N=C1N[C@H]2C=C[C@@H]1[C@@H]1C=C[C@H]2C(=N)N1
0	N=C1N[C@H]2C=C[C@@H]1[C@@H]1C=C[C@H]2C(=N)N1
0	N=C1N[C@H]2C=C[C@@H]1[C@@H]1C=C[C@H]2C(=N)N1
1	NC[C@H](N)C1CCCCC1
0	N[C@H]1[C@@H](O)[C@@H](N)[C@H](O)[C@@H](O)[C@@H]1O
0	N[C@H]1[C@@H](O)[C@@H](N)[C@H](O)[C@@H](O)[C@@H]1O
1	NC[C@@H](N)Cc1ccccc1F
0	N=C1NC(=N)N(c2cccc(Cl)c2)[C@H](Cc2ccccc2)N1
0	[H]/N=C1\\C=C(N)C(=O)C(N)=C1O
0	CC(O)=N[C@@H]1[C@@H](N)CC(C(=O)O)=C[C@H]1N
0	N[C@H]1[C@H]2CC[C@H](C2)[C@@H]1N
1	C[C@H](N)[C@H](N)CO
0	NC[C@H]1OCO[C@@H]2[C@@H](CN)OCO[C@H]12
1	N/C=C/C=C/N
0	N[C@@H]1C[C@H]2C[C@@H]1C[C@H]2N
0	N=C(NO)[C@H](N)c1ccccc1
1	NC[C@H]1CC[C@H](N)CC1
1	NC[C@H]1CC[C@H](N)CC1
0	C[C@H]1C[C@H]2C[C@@H](C)[C@@](C)(N)[C@H]3CC[C@H]4[C@H]([C@H]23)[C@@H]1CC[C@]4(C)N
0	N[C@H]1C[C@@H](N)[C@H](O)C[C@@H]1O
1	N[C@H]1C[C@@H](N)[C@H](O)C[C@@H]1O
0	CC(C)[C@](C)(N)C(=N)S
0	CCC[C@@H]1NC(=N)NC(=N)N1c1ccc(Cl)cc1
1	CO[C@H]1O[C@H](CN)[C@@H](O)[C@H](O)[C@H]1N
1	NCC[C@H](N)C(=O)O
1	C[C@H](N)CCN
0	CC(O)=Nc1ccc([C@H]2NC(=N)NC(=N)N2c2cccc(Cl)c2)cc1
0	CO[C@H]1O[C@H](CN)[C@@H](O)[C@H](N)[C@@H]1O
1	COC(=O)[C@@H](N)CN
0	CO[C@H]1O[C@@H]2CO[C@@H](c3ccccc3)O[C@H]2[C@H](N)[C@@H]1N
0	CC(=N/NC(=N)S)/C(C)=N/NC(=N)S
1	C[C@H]1[C@@H](N)CCC[C@H]1N
0	FC(F)(F)c1cccc(NN=C2C(I)=NN=C2I)c1
0	CO[C@@H]1O[C@H](CI)[C@H](O)[C@H](I)[C@@H]1O
1	Oc1ccccc1[C@H](I)[C@H](I)c1ccccc1O
1	IC/C=C\\CI
1	C[C@@H](I)[C@H](I)C(=O)O
0	[H]/N=C(/I)c1ccc(-c2cc3cc(/C(I)=N\\[H])ccc3o2)cc1
1	C[C@H](I)[C@H](I)CO
0	CC(O)=Nc1ccc(NN=C2C(I)=NN=C2I)cc1
1	CN[C@@H]1[C@H](O)[C@@H](O[C@H]2[C@@H](O)[C@@H](O)[C@H](I)C[C@H]2I)OC[C@@]1(C)O
0	C[C@H]1C[C@@H](I)CC[C@@H]1C[C@@H]1CC[C@H](I)C[C@H]1C
1	O[C@H]1C[C@@H](O)[C@@H](I)C[C@H]1I
0	CC1(C)[C@H]2CC[C@](I)(CI)[C@@H]1C2
0	CC1(C)O[C@@H]2[C@@H](I)CSC[C@@H](I)[C@@H]2O1
0	ICC1(I)CC1
0	C[C@H]1CC[C@]2(CC1)N=C(I)N=C(I)N2c1ccc(Cl)cc1
0	CC1(C)C[C@H](I)C[C@](C)(CI)C1
0	CCc1ccccc1N1C(I)=NC(I)=NC1(C)C
0	CC(C)(C)[C@@H](I)[C@H](I)C(C)(C)C
0	O=S1(=O)N=C(I)CC(I)=N1
0	IC1=N[C@]2(I)N=CN=C2C=N1
0	IC1=NN=C(I)C1=NNc1ccc2c(c1)OCO2
1	I[C@H]1Cc2ccccc2[C@H]1I
1	ICC#CC#CCI
1	ICC#CC#CCI
1	ICC#CC#CCI
0	IC[C@@H]1CCCC[C@H]1I
0	IC[C@@H]1CCCC[C@H]1I
0	CC1(C)N=C(I)N=C(I)N1c1ccc(Br)cc1
0	C[C@@H](ON1C(I)=NC(I)=NC1(C)C)c1ccc(Cl)c(Cl)c1
0	Fc1ccc(NN=C2C(I)=NN=C2I)c(F)c1F
0	CS/C(I)=C(C#N)\\C(C#N)=C(/I)SC
1	I[C@H]1COC[C@H]1I
0	C[C@@H](I)C(I)(c1ccc(F)cc1)c1ccc(F)cc1
0	C[C@@H](I)C(I)(c1ccc(F)cc1)c1ccc(F)cc1
0	CC1(C)N=C(I)N=C(I)N1OCc1ccccc1
0	CC1(C)N=C(I)N=C(I)N1OCc1ccccc1
0	CC(=O)c1cccc(N2C(I)=NC(I)=NC2(C)C)c1
1	ICCCCCCI
0	[H]/N=C1\\C=C(I)C(=O)C(I)=C1O
0	CC1(C)N=C(I)N=C(I)N1c1cccc(I)c1
0	[H]/N=C(\\I)c1ccc2sc(-c3ccc(/C(I)=N\\[H])cc3)cc2c1
0	[H]/N=C(\\I)c1ccc2sc(-c3ccc(/C(I)=N\\[H])cc3)cc2c1
0	Clc1ccc(N2CN=C(I)N=C2I)cc1
0	N=C(I)NC[C@@H](I)C(=O)O
1	O=C1C(I)=C(C2=C(I)C(=O)c3ccccc3C2=O)C(=O)c2ccccc21
0	C[C@@H](I)[C@@H](I)c1ccccc1
0	CC(C)(C)c1ccc(/N=C(I)\\C(I)=N/c2ccc(C(C)(C)C)cc2)cc1
0	CC1=C(I)C(=O)c2c(CO)c3n(c2C1=O)C[C@H](I)[C@@H]3O
0	Cc1ccc(/C(I)=N/N=C(\\I)c2ccc(C)cc2)cc1
0	Cc1ccc(/C(I)=N/N=C(\\I)c2ccc(C)cc2)cc1
0	C[C@@H](I)[C@@H]1CC[C@H]2[C@@H]3CC=C4C[C@@H](I)CC[C@@]4(C)[C@@H]3CC[C@]21C
1	I[C@H]1C[C@@H]2C[C@H]1C[C@H]2I
0	COc1ccc(C2C(C#N)=C(I)SC(I)=C2C#N)cc1
0	I[C@@]12C[C@H]3C[C@@H](C1)C[C@]([C@@]14C[C@@H]5C[C@@H](C[C@@](I)(C5)C1)C4)(C3)C2
0	[H]/N=C(\\I)c1ccc2c(c1)[nH]c1cc(/C(I)=N\\[H])ccc12
0	I[C@@H]1CCCC[C@H]1I
0	[H]/N=C(\\I)c1ccc(-c2cc3ccc(/C(I)=N/[H])cc3s2)cc1
1	I[C@H]1CC[C@H](I)CC1
1	O[C@@H]1C[C@H](I)C[C@H](I)C1
0	CC(C)(I)[C@H](I)c1ccccc1
1	IC12CCC(I)(c3ccccc31)c1ccccc12
1	IC12CCC(I)(c3ccccc31)c1ccccc12
0	S=C(I)c1cccc(C(=S)I)c1
0	N=C(I)NC[C@H](I)C(=O)O
1	CCC[C@@H](I)CI
0	CSc1ccc(N2C(I)=NC(I)=NC2(C)C)cc1
0	Clc1ccc(N2C(I)=NC(I)=N[C@@H]2c2ccccc2)cc1Cl
0	CC(/C=N/N=C(S)I)=N\\N=C(S)I
0	ON=C1C(I)=NC(=S)N=C1I
1	I[C@H]1CC[C@@H](I)C1
1	O/N=C(I)/C(I)=N\\O
1	O[C@@H](CI)[C@@H](O)CI
0	N=C(I)Nc1cc(NC(=N)I)cc(C(=O)O)c1
0	COC1=C(I)C(=O)C(OC)=C(I)C1=O
0	CC1(C)N=C(I)N=C(I)N1c1ccc(C#N)cc1
0	I[C@@H](C1CCCCC1)[C@@H](I)C1CCCCC1
1	FC(F)(F)c1ccc([C@@H](I)CI)cc1
0	Brc1ccc(NN=C2C(I)=NN=C2I)cc1
0	OC(=N[C@H]1C=C[C@@H](I)C[C@H]1I)OCc1ccccc1
0	OC(=N[C@H]1C=C[C@@H](I)C[C@H]1I)OCc1ccccc1
0	OC(=N[C@H]1C=C[C@@H](I)C[C@H]1I)OCc1ccccc1
0	C[C@H](I)[C@H](C)I
0	CO[C@H]1O[C@@H]2CO[C@H](c3ccccc3)O[C@@H]2[C@H](I)[C@H]1I
0	N#CC1=C(I)SC(I)=C(C#N)C1c1ccccc1Cl
0	N#CC1=C(I)S[C@@H](c2ccccc2)[C@](C#N)(C(=S)I)[C@@H]1c1ccccc1
0	N#CC1=C(I)S[C@@H](c2ccccc2)[C@](C#N)(C(=S)I)[C@@H]1c1ccccc1
0	IC12[C@H]3[C@H]4[C@@H]1[C@H]1[C@@H]2[C@@H]3C41I
1	I[C@H](C1CCCCC1)[C@H](I)C1CCCCC1
0	SC(I)=NN=C1Nc2ccccc2C1=NN=C(S)I
0	CC[C@@H]1C[C@@H](CC)[C@@H](I)[C@H](C)[C@H]1I
0	CC[C@]1(C)N=C(I)N=C(I)N1c1ccc(Cl)cc1
1	ICc1cccc2cc3cccc(CI)c3cc12
1	ICc1ccccc1CI
0	IC[C@@H]1CCC[C@@H]1I
0	IC1=NN=C(I)C1=NNCC1CCNCC1
0	O[C@@H]1CC[C@@]2(OC[C@H]1O)[C@H](I)C[C@H](I)[C@H](O)[C@H]2O
1	IC[C@H](I)Cc1ccccc1
0	CC1(C)N=C(I)N=C(I)N1OCc1cccc2ccccc12
1	Cc1ccccc1[C@H](I)[C@@H](I)c1ccccc1C
1	Cc1ccccc1[C@H](I)[C@@H](I)c1ccccc1C
0	O=S(=O)(O)c1ccc(NN=C2C(I)=NN=C2I)cc1
1	COC[C@H](I)CI
0	[H]/N=C(\\I)c1ccc(-c2nc3cc(/C(I)=N/[H])ccc3[nH]2)cc1
1	O=C([C@H](I)CCI)N1CCCCC1
0	CCON1C(I)=NC(I)=NC1(C)C
0	CC(O)=N[C@H]1[C@@H](I)C=C(C(=O)O)C[C@@H]1I
0	ICC1=CC[C@H](CI)CC1
0	ICC1=CC[C@H](CI)CC1
1	ICC1=CC[C@H](CI)CC1
0	C[C@H]1OC(=O)C(I)=C1I
1	I[C@H]1CC[C@H](I)C1
1	FC(CI)CI
0	IC1=N[C@@H]2C=C[C@H]1[C@H]1C=C[C@@H]2C(I)=N1
0	O=S(=O)(O)c1ccc(NN=C2C(I)=NN=C2I)c2ccccc12
0	O=S(=O)(O)c1ccc(NN=C2C(I)=NN=C2I)c2ccccc12
0	OC(CI)=NCCI
0	CC(=N\\NC(=N)I)/C(C)=N/NC(=N)I
0	Oc1ccc(NN=C2C(I)=NN=C2I)cc1
0	COC(=O)[C@@]12C[C@]1(C(=O)O)C(C(=O)O)=C[C@H]1CC(C)(C)C[C@H]12
0	O=C(O)c1ccc2c(c1)C(=O)c1cccc3c(C(=O)O)ccc-2c13
0	CC(C)(C)[C@@H]1CC=C(C(=O)O)[C@@H](CC(=O)O)C1
0	CC(C)(C)[C@@H]1CC=C(C(=O)O)[C@@H](CC(=O)O)C1
1	CC(C)(C)n1cc(C(=O)O)c(C(=O)O)c1
1	COc1cc(C#CC(=O)O)c(OC)cc1C#CC(=O)O
1	O=C(O)c1cc2ccccc2c(-c2nc(C(=O)O)cc3ccccc23)n1
1	C[C@@H](C#C[C@@H](C)C(=O)O)C(=O)O
0	O=C1c2cc(Cl)ccc2C(=O)c2c1ccc(C(=O)O)c2-c1c(C(=O)O)ccc2c1C(=O)c1ccc(Cl)cc1C2=O
1	O=C(O)[C@H]1CO[C@@H](C(=O)O)O1
1	Cc1cc(C)c(-c2c(C)cc(C)cc2C(=O)O)c(C(=O)O)c1
0	C[C@@]12C[C@H]3[C@H]4C[C@@H]1[C@H](C[C@@]4(C)NN3C(=O)O)N(C(=O)O)N2
0	O=C(O)C/C=C1/C=CC=C1C(=O)O
0	Cc1ccc(-c2nc3c(C(=O)O)c4cccccc4n3c2C(=O)O)cc1
0	O=C(O)/N=c1/c2ccccc2c2nc3/c(=N\\C(=O)O)c4ccccc4c3nc12
0	O=C(O)c1sc(C(=O)O)c2c1ncc1sccc12
0	O=C(O)c1sc(C(=O)O)c2c1ncc1sccc12
0	C=C1C[C@](C)(C(=O)O)[C@@H](C(=O)O)C[C@@H]1O
0	O=C(O)c1cc(O)c(C(=O)O)s1
0	O=C(O)[C@@]12C[C@H]3C[C@@H](C1)C[C@]([C@@H]1[C@H]4C[C@@H]5C[C@H](C4)C[C@@]1(C(=O)O)C5)(C3)C2
0	CN1C(=O)N2[C@@H](C(=O)O)O[C@@H](C(=O)O)CO[C@@H]2c2nc3c4ccccc4n(C)c3nc21
1	C#CC1C(C(=O)O)=CN(c2c(C)cccc2C)C=C1C(=O)O
0	CC1=CC2=C(C(=O)O)C3(CC3)[C@@](C)(O)C(=O)C2=C1C(=O)O
0	C[C@@]12C=C(C(=O)O)[C@](O)(C(=O)O)C[C@@H]1CCCC2
0	C[C@@]12C=C(C(=O)O)[C@](O)(C(=O)O)C[C@@H]1CCCC2
0	Cc1ccc2c(c1)[C@@H](C(=O)O)c1ccccc1[C@@H]2C(=O)O
0	O=C(O)c1ccccc1-c1cc2sc3ccccc3c2cc1C(=O)O
0	O=C(O)/C=C/c1cccc2c1-c1c(C(=O)O)cccc1-2
0	O=C(O)c1c[nH]c2ccc3c(ccc4[nH]cc(C(=O)O)c43)c12
0	O=C(O)c1cc(C(=O)O)c(O)c(C2CCCCC2)c1
0	C[C@@H]1CCC[C@]2(C)[C@@H](C(=O)O)C(C(=O)O)=CC[C@H]12
0	O=C(O)c1cc(C(=O)O)c(Cl)[nH]1
1	O=C(O)C1=C(C(=O)O)[C@@H]2O[C@H]1C1=C2[C@H]2C=C[C@@H]1CC2
0	O=C(O)[C@H]1O[C@@H]([C@@H](O)C(=O)O)CS1
0	CCc1ccc2oc(C(=O)O)c(C(=O)O)c2c1
1	O=C(O)C[C@H]1CCC[C@H]1C(=O)O
1	O=C(O)c1nc2cc(Cl)c(Cl)cc2nc1C(=O)O
1	CC(C)(C)N1CN(C(=O)O)CN(C(=O)O)C1
0	O=C(O)c1ccc(N2CCN(C(=O)O)CC2)cc1Cl
0	CC1=C(C(=O)O)C(=O)N2C(=C(C(=O)O)CC[C@H]2C)N1
0	O=C(O)N/C(=C/O)C(=O)O
1	O=C(O)c1ccc2c(ccc3nc(C(=O)O)ccc32)n1
1	O=C(O)c1cccc(C(=O)O)c1S
0	O=C(O)[C@H]1[C@H]2CC3=C(C[C@@H]21)C[C@@H]1[C@H](C3)[C@H]1C(=O)O
0	O=C(O)[C@H]1[C@@H]2CC[C@@H](c3ccccc32)[C@@H]1C(=O)O
0	O=C(O)C1=C/C=C2/C=C\\C(=C1C(=O)O)CCc1ccc(cc1)CC2
0	O=C(O)c1oc(CCl)c(C(=O)O)c(=O)c1O
0	CC1(C)CCC[C@](C)([C@H]2[C@@H]3C[C@@H]4C[C@@]2(C(=O)O)C[C@]4(C)O3)[C@@H]1C(=O)O
1	C/C(C#CC#C/C(C)=C(/C)C(=O)O)=C(\\C)C(=O)O
0	COC(=O)[C@@]1(C)CC[C@@H]2[C@@](C(=O)O)(CC[C@H]3[C@@](C)(C(=O)O)CCC[C@@]23C)C1
1	Cc1ccc(C(=O)O)c(C)c1C(=O)O
0	CC(=O)Oc1c(Br)c(Br)c(C(=O)O)c(C(=O)O)c1Br
0	CN1C=C(C(=O)O)[C@@H]2C[C@H]1C(C(=O)O)=CN2C
1	CC(C)(C)c1ccc2c(C(=O)O)c3ccccc3c(C(=O)O)c2c1
1	CC(C)/C(=C/C(=O)O)C(=O)O
1	CC(C)/C(=C/C(=O)O)C(=O)O
0	O=C(O)c1cc(C(F)(C(F)(F)F)C(F)(F)F)cc(C(=O)O)c1O
0	Cc1cc(N(C)C)c(C(=O)O)cc1C(=O)O
1	O=C(O)c1ccccc1-c1cc2c(ccc3ccccc32)cc1C(=O)O
0	C#CC1C(C(=O)O)=CN(c2ccc(C)cc2)C=C1C(=O)O
0	O=C(O)c1c2c(cc3c1CC1(C3)Cc3cc4c(c(C(=O)O)c3C1)CCCC4)CCCC2
1	Cc1c(-c2csc(C(=O)O)c2C)csc1C(=O)O
0	C#CC1C(C(=O)O)=CN(C(=O)c2ccccc2)C=C1C(=O)O
0	Cc1cc(Br)c2c(c1)c(C)c(C(=O)O)n2C(=O)O
0	O=C(O)N1C=C([C@@H]2CCCN2C(=O)O)CCC1
1	C#CC1C(C(=O)O)=CN(C)C=C1C(=O)O
0	O=C(O)c1c[nH]nc1C(=O)O
1	Cc1cc(-c2cc(C)c(C(=O)O)[nH]2)[nH]c1C(=O)O
0	CC1(C)C(=O)[C@H](C(=O)O)[C@@H](C(=O)O)C1=O
1	O=C(O)c1cc(Br)c(-c2oc(C(=O)O)cc2Br)o1
1	O=C(O)N1CCN(C(=O)O)c2ccccc21
1	O=C(O)[C@]12CCCC[C@@]1(C(=O)O)CC2
1	Cc1c(C(=O)O)c(-c2ccccc2C(=O)O)cc2ccccc12
0	O=C(O)[C@H]1[C@@H]2CC[C@@H](O2)[C@@H]1C(=O)O
0	O=C(O)C[C@@H]1c2ccccc2CCN1C(=O)O
0	O=C(O)c1c[nH]c(C(=O)O)c1Cl
0	CC(C)(C)[C@H]1CN(C(=O)O)c2ccccc2N1C(=O)O
0	N#C/C(=C\\CC(=O)O)C(=O)O
0	O=C(O)[C@H]1[C@@H]2[C@@H](C(=O)O)[C@H]12
0	O=C(O)c1cc(I)c(C(=O)O)[nH]1
0	O=C(O)c1ccc2ccc(C(=O)O)nc2c1
0	O=C(O)[C@H]1CCCCCCCC[C@H](C(=O)O)CCCCCCCC1
0	O=C(O)N=C1NN(C(=O)O)[C@@H](c2ccccc2)S1
1	O=C(O)c1cccc2ccc3cccc(C(=O)O)c3c12
0	O=C(O)c1cnc2c(C(=O)O)sc3nc(C(F)(F)F)cc1-n-3-2
1	O=C(O)c1ccc(C(=O)O)n1-c1ccccc1
1	COc1c(C(=O)O)cc(C(F)(F)F)cc1C(=O)O
1	CO[C@@H]1[C@@H](C(=O)O)CC[C@H]1C(=O)O
1	Cc1cccc(C(=O)O)c1-c1cc2ccccc2cc1C(=O)O
1	C/C(C(=O)O)=C(\\C)C(=O)O
0	CC1(C)CCC[C@@]2(C)[C@H]1CC=C(C(=O)O)[C@@H]2C(=O)O
1	O=C(O)C#Cc1cccc2cc3cccc(C#CC(=O)O)c3cc12
1	O=C(O)C#Cc1cccc2cc3cccc(C#CC(=O)O)c3cc12
0	O=C(O)C1=C(Br)[C@H](C(=O)O)CCC1
0	CC(C)(C#CC(=O)O)C(=O)O
1	O=C(O)C(=O)[C@@H](Br)C(=O)O
0	Cc1cc(=O)oc2c(C(=O)O)c(O)c(CC(=O)O)cc12
0	Cn1c(=O)nc(O)c2nc(C(=O)O)c(C(=O)O)nc21
1	O=C(O)C1=C(C(=O)O)CC1
0	CC1(C)CCC[C@@]2(C)[C@H]1C(=O)C=C(C(=O)O)[C@@]2(O)C(=O)O
0	O=C(O)C1=C2c3ccccc3CCN2[C@H]2O[C@@H]1N1CCc3ccccc3C1=C2C(=O)O
0	O=C(O)C1=C2c3ccccc3CCN2[C@H]2O[C@@H]1N1CCc3ccccc3C1=C2C(=O)O
0	O=C(O)C1=CC2=Nc3ccccc3N=C3C=C(C(=O)O)[C@H]1C[C@@H]32
0	O=C(O)C[C@H]1CCn2c1c(C(=O)O)c1cc3c(cc1c2=O)OCO3
0	CC1(C)[C@@]2(C)N=N[C@]1(C)[C@@H](C(=O)O)[C@@H]2C(=O)O
0	O=C(O)c1cc(Cl)c2c(c1-c1c(C(=O)O)cc(Cl)c3c1C(=O)c1ccccc1C3=O)C(=O)c1ccccc1C2=O
0	Cc1cc(C(=O)O)c(C)c2c1ccc1ccc3ccc4c(C)cc(C(=O)O)c(C)c4c3c12
0	O=C(O)C1=C(C(=O)O)C(F)=C1F
1	O=C(O)c1cc(-c2cc(C(=O)O)c(O)cc2O)c(O)cc1O
0	O=C(O)Oc1c(C(=O)O)c2ccccc2c2ccccc12
0	C/C(C#C/C(C)=C(\\C)C(=O)O)=C(\\C)C(=O)O
1	O=C(O)c1ccc2nc3c(ccc4cc5cc(C(=O)O)ccc5nc43)cc2c1
0	CC(=O)O[C@@H]1CC[C@H]2[C@@H]3C=Cc4c(cc(C(=O)O)c(Cl)c4C(=O)O)[C@H]3CC[C@]21C
0	CC1(C)CCC[C@@]2(C)[C@H](CC(=O)O)C(C(=O)O)=CC[C@H]12
0	O=C(O)/N=c1/c2ccccc2c2nc3c(nc12)/c(=N/C(=O)O)c1ccccc13
0	O=CC1=NN=C(C=O)C1=NNc1nccnn1
0	C[C@@](C=O)(c1ccc(Cl)cc1)[C@@H](C=O)c1ccc(Cl)cc1
1	CC(C)(CC=O)C(C)(C)CC=O
0	CO[C@@H]1O[C@@H](CC=O)[C@H](O)[C@@H](C=O)[C@H]1O
1	O=C[C@H](c1ccccc1O)[C@H](C=O)c1ccccc1O
1	O=CC/C=C/CC=O
0	C[C@@H](C=O)C[C@@H](C)CC=O
1	O=CCc1ccc(CC=O)c2ccccc12
0	[H]/N=C(/C=O)c1ccc(-c2cc3cc(/C(C=O)=N\\[H])ccc3o2)cc1
1	O=CC1=C(C=O)CCCC1
0	CC[C@@H]1N=C(C=O)N=C(C=O)N1c1ccc(Cl)cc1
1	O=CCc1cccc(-c2cccc(CC=O)c2)c1
0	CC(C)(C)OC(=O)N1CC[C@@H](C=O)[C@H](C=O)C1
1	CN1CCC(C=O)(CC=O)CC1
0	O=CC(=S)SSC(=S)C=O
1	O=CC[C@H](O)[C@@H](O)CC=O
0	CC1(C)O[C@@H]2[C@@H](C=O)CSC[C@H](C=O)[C@H]2O1
0	[H]/N=C(/C=O)SC[C@@H](Br)CC=O
1	O=C[C@@H]1CCCC[C@H]1C=O
0	CC(/C=N/N=C(N)C=O)=N\\N=C(N)C=O
0	[H]/N=C(/C=O)c1ccc2nc(N3C(=O)C[C@@H](C=O)c4ccccc43)[nH]c2c1
1	O=CC[C@@H](C=O)C(=O)O
0	CC1(C)N=C(C=O)N=C(C=O)N1Cc1ccccc1
0	Cc1cc(C)cc(N2C(C=O)=NC(C=O)=NC2(C)C)c1
1	C[C@H](C=O)[C@@H](C)C=O
1	O=CCC#Cc1ccccc1C#CCC=O
0	[H]/N=C(\\C=O)c1cccc(-c2cccc(/C(C=O)=N\\[H])n2)n1
0	CC[C@@](C=O)(CC=O)c1ccccc1
1	O=CCc1cccc(-c2cccc(CC=O)n2)n1
1	O=CCc1cccc(-c2cccc(CC=O)n2)n1
0	CCc1cccc(NN=C2C(C=O)=NN=C2C=O)c1
1	O=C[C@@H]1Cc2ccccc2[C@@H]1C=O
0	O=C[C@H]1[C@H]2c3ccccc3[C@H](c3ccccc32)[C@@H]1C=O
0	O=C[C@H]1[C@H]2c3ccccc3[C@H](c3ccccc32)[C@@H]1C=O
0	O=C[C@H]1CO[C@@H]2[C@@H](C=O)CO[C@H]12
0	CC1(C)N=C(C=O)N=C(C=O)N1c1cccc(F)c1
0	[H]/N=C(/C=O)c1ccc2c(c1)sc1cc(/C(C=O)=N\\[H])ccc12
0	O=CC[C@@H]1[C@H]2CC[C@H](C2)[C@@H]1C=O
0	O=CC[C@@H]1[C@H]2CC[C@H](C2)[C@@H]1C=O
0	CC1(C)N=C(C=O)N=C(C=O)N1OCc1ccc2ccccc2c1
0	O=CC1=N[C@H](c2ccc(Cl)cc2)N(c2ccc(Cl)cc2)C(C=O)=N1
0	N#CC/C(C=O)=C(/C#N)C(C=O)=C(C#N)C#N
0	N#CC/C(C=O)=C(/C#N)C(C=O)=C(C#N)C#N
0	NC(C=O)=NN=C1C=CC(=NNC(=S)C=O)C=C1
0	O=C[C@H]1CC[C@H](CC[C@H]2CC[C@H](C=O)CC2)CC1
0	CC[C@](C)(C=O)CC=O
0	[H]/N=C(C=O)\\N=N\\C(C=O)=N\\[H]
1	O=C[C@@H]1CC[C@@H](C=O)C1
0	O=CC1=NN=C(C=O)C1=NNc1ccc(F)c(F)c1
1	O=CCC1(C=O)CCCCC1
0	Cc1ccc([C@@H](C=O)CC=O)cc1
0	CCOC(=O)C1=C(C=O)NC(C=O)=C2C(=O)Oc3ccccc3[C@@H]12
0	CC1(C)N=C(C=O)N=C(C=O)N1c1cccc(O)c1
0	CC1(C)N=C(C=O)N=C(C=O)N1c1cccc(O)c1
0	CC[C@]1(C)N=C(C=O)N=C(C=O)N1c1ccc(OC)cc1
0	CC1=CC[C@H](C(C)C)[C@@H](C=O)[C@@H]1C=O
0	O=CC12CCC(C=O)(CC1)CC2
1	C[C@H](C=O)C[C@@H](C)C=O
0	O=CC1=NN=C(C=O)C1=NNc1ccc(I)cc1
0	[H]/N=C(/C=O)c1cccc(-c2cc3ccc(/C(C=O)=N\\[H])cc3o2)c1
0	N#C/C(C=O)=C(C#N)\\N=C/C=N/C(C#N)=C(\\C#N)C=O
0	O=CC1=NN=C(C=O)C1=NNc1cc[nH]n1
0	O=CC1=NN=C(C=O)C1=NNc1ccccc1Br
0	C[C@H](C=O)[C@@H](C=O)c1ccccc1
1	COc1ccc(C2C(C#N)=C(C=O)SC(C=O)=C2C#N)cc1
0	O=CC[C@H]1O[C@H](n2cc(/C=C/Br)c(O)nc2=O)C[C@@H]1C=O
0	O=CC(S)=NN=C(S)C=O
0	O=CC1=NCN(c2ccc(F)cc2)C(C=O)=N1
0	NC(C=O)=NCCCC=O
0	COc1cc(C2C(C#N)=C(C=O)SC(C=O)=C2C#N)ccc1O
0	CC1(C)N=C(C=O)N=C(C=O)N1OCc1cc(Cl)c(Cl)cc1Cl
0	O=CCCN(C(=S)C=O)c1ccc2nccnc2c1Br
0	O=CC1=NN=C(C=O)C1=NNc1c(O)ccc2ccccc12
0	O=CC1=NN=C(C=O)C1=NNc1c(O)ccc2ccccc12
0	CO[C@@H]1O[C@@H](CC=O)[C@@H](O)[C@@H](C=O)[C@@H]1O
0	O=C[C@H]1CO[C@H]2[C@H]1OC[C@H]2C=O
1	CCC[C@H](C=O)CC=O
1	CO[C@@H]1C[C@@H](C=O)C[C@@H](C=O)C1
0	C[C@@](C=O)(CC=O)C(=O)O
0	O=CCC12CC3(CC=O)C[C@H](C1)C[C@H](C2)C3
0	O=CCC12CC3(CC=O)C[C@H](C1)C[C@H](C2)C3
1	O=CC12CCCCC1(C=O)CCCC2
1	O=CC12CCCCC1(C=O)CCCC2
1	O=CC[C@H](C=O)Cc1ccccc1
0	CC1(C)N=C(C=O)N=C(C=O)N1c1cc(Cl)c(Cl)cc1Cl
0	O=CC1=C(N2CC2)C(=O)C(C=O)=C(N2CC2)C1=O
0	CC1(C)N=C(C=O)N=C(C=O)N1OCc1ccc(Cl)c(Cl)c1
1	O=CCC12CCC(CC=O)(CC1)CC2
1	CNC(CC=O)CC=O
0	CC1(C)N=C(C=O)N=C(C=O)N1c1ccc(F)cc1
1	O=CC[C@H]1CCC[C@H](CC=O)C1
1	C[C@@H](C=O)CC(C)(C)C=O
1	N#Cc1ccc([C@@H](C=O)[C@H](C=O)c2ccc(C#N)cc2)cc1
0	CC1(C)N=C(C=O)N=C(C=O)N1c1ccc2ccccc2c1
1	O=CCC1(CC=O)CCCC1
0	NC(C=O)=Nc1ccc(CC=O)cc1
0	C[C@](C=O)(CC=O)C(=O)O
0	O=CC[C@@H]1CCC[C@H]1C=O
1	O=Cc1cccc(C#Cc2ccccc2C=O)c1
0	O=CC[C@H](O)[C@H]1NC(C=O)=N[C@@H]1C(=O)O
1	O=C[C@H](c1ccccn1)[C@H](C=O)c1ccccn1
1	O=CCc1c(Cl)c(Cl)c(CC=O)c(Cl)c1Cl
0	O=C/C(=N\\N=C(/C=O)c1ccccn1)c1ccccn1
1	O=C[C@H]1CCCC[C@H](C=O)CCCC1
0	O=CCC[C@@H](C=O)C(=O)N1CCCCC1
0	CC1(C)N=C(C=O)N=C(C=O)N1c1ccc(C#Cc2ccccc2)cc1
1	O=C[C@H](c1ccc(C(F)(F)F)cc1)[C@H](C=O)c1ccc(C(F)(F)F)cc1
1	O=C[C@@H](C(=O)O)[C@@H](C=O)C(=O)O
0	O=C[C@H](c1ccc(F)cc1)[C@H](C=O)c1ccc(F)cc1
1	O=CCCC(=O)CC=O
0	CON1C(C=O)=NC(C=O)=NC1(C)C
1	CC(O)=NC1=C(C=O)C(=O)C(N=C(C)O)=C(C=O)C1=O
0	O=CC(=N\\O)/C(=N\\O)C(=N\\O)/C(C=O)=N/O
0	O=CC(=N\\O)/C(=N\\O)C(=N\\O)/C(C=O)=N/O
0	O=CC[C@@]12C[C@@H]3C[C@@H](C[C@@H](C3)C1)[C@H]2C=O
1	O=C[C@H]1CCC[C@@H]1C=O
0	CC1(C)N=C(C=O)N=C(C=O)N1c1ccc2cc(Cl)ccc2c1
0	CC(=N/N=C(N)C=O)/C(C)=N/N=C(N)C=O
1	C[C@H](C=O)[C@H](C=O)c1ccccc1
0	OC[C@H]1[C@H]2C=C[C@@H]1[C@H](CO)C2
1	OCC1=C(Cl)c2cc(-c3ccc4c(c3)C(Cl)=C(CO)CC4)ccc2CC1
0	CC1(C)CCC=C(CO)[C@@H]1CO
1	CC1=C/C(CO)=C\\C(C)=C/C(CO)=C1
1	Cc1ccc2c(c1)[C@@H](CO)c1ccccc1[C@@H]2CO
0	Cc1c(CO)csc1CO
0	OC[C@H]1c2ccccc2[C@H](CO)c2c1cc(F)c1ccccc21
1	OCN=C1CNCC(=NCO)N1
1	OCN=C1CNCC(=NCO)N1
0	OCc1cnc2c(CO)sc3cc(-c4ccccc4)nc1-n-3-2
0	OC/C1=C/Nc2ccccc2N=C/C(CO)=C\\Nc2ccccc2N=C1
1	OCc1cc(CO)c(O)c(Br)c1O
0	C/C=C1/CN(CO)[C@@H]2C[C@H]1[C@@H](C(=O)OC)[C@@]13CC(=O)O[C@@]21N(CO)c1ccccc13
1	OCC1=CC=CC=C(C2=CC=CC=C(CO)C2)C1
0	OCc1cc(C(F)(C(F)(F)F)C(F)(F)F)cc(CO)c1O
1	CC1(C)CC2(CC(C)(C)c3cc(CO)ccc32)c2ccc(CO)cc21
1	CC1(C)CC2(CC(C)(C)c3cc(CO)ccc32)c2ccc(CO)cc21
0	C#CC1C(CO)=CN(C(=O)c2ccccc2)C=C1CO
0	C[C@]12CCCC(CO)=C1N(CO)c1ccccc12
0	OCC1=CO[C@@H]2O[C@H]1OC=C2CO
1	Cc1cc(-c2cc(C)c(CO)[nH]2)[nH]c1CO
0	CCC1=C(CO)[C@@H](CO)[C@H](O)CC1
0	COc1c(CO)sc2c(CO)c3cccccc-3c12
0	OC/C1=C/C2=Cc3ccccc3C=C(/C=C(/CO)C1)C2
0	OCc1cc(CO)c(O)c(CCl)c1
0	CC1(C)[C@H]2CC=C(CO)[C@H](CO)[C@]2(C)CC[C@H]1O
0	OCN1C2=CCCC[C@@]2(CO)c2cc(Cl)ccc21
0	O=C1c2ccccc2C(=O)c2c1c1oc(CO)cc1c1cc(CO)oc21
0	OC[C@]12O[C@H](c3ccccc31)[C@H]1c3ccccc3[C@]12CO
1	OCC1=C(C2=C(CO)CCCC2)CCCC1
0	OCc1cc(C23C[C@H]4C[C@@H](C2)C[C@@H](C3)C4)c(CO)s1
0	OCC1=CC=C(CO)C2=CC=CC=C1C2
0	C[C@H]1C[C@H](CO)/C=C\\C=C/[C@H](CO)C1
0	Cc1csc(CO)c1CO
0	O=C[C@@H]1[C@@H]2[C@@H]3OO[C@@H](O3)[C@@H]2[C@H](C=O)[C@@H]1C=O
1	CC(C)(C)/C(C#CC#C/C(=C\\C=O)C(C)(C)C)=C/C=O
0	O=CC1=C2c3ccccc3CCN2[C@@H]2O[C@H]1N1CCc3ccccc3C1=C2C=O
0	CC1=CC(=O)[C@@]23CCC[C@@]12[C@@H](C=O)C[C@@]3(C)C=O
1	O=Cc1c2ccccc2c(-c2c3ccccc3c(C=O)c3ccccc23)c2ccccc12
0	CC(C)(C)C(=O)c1cc(C=O)[nH]c1C=O
0	C/C(C=O)=C\\[C@H]1[C@@H](C=O)C1(C)C
0	C[C@H]1[C@@H](C)N(C=O)c2ccccc2N1C=O
0	CN1c2ccccc2C(C=O)=C(N2CCN(C=O)CC2)c2sccc21
0	O=C[C@]12CC=CC[C@@]1(C=O)C2
0	CC1(C)CCC[C@]2(C)[C@@H]1CC=C(C=O)[C@]2(C)C=O
0	Cn1ncc(C=O)c1N=CO
0	Cn1ncc(C=O)c1N=CO
0	C=C(C=O)[C@@H]1CC[C@@]2(C)CCC=C(C=O)[C@@H]2C1
1	O=C[C@H]1C[C@@H](C=O)C1
0	C[C@H]1CCC[C@@](C)(C=O)[C@@H]1C=O
1	Cc1ccc2c(c1)[C@H](C=O)c1ccccc1[C@@H]2C=O
0	C/C(C=O)=C\\CC=O
0	O=CC1=CC=C[C@H]1C=O
0	O=C[C@@H]1[C@@H]2CC[C@@H](O2)[C@H]1C=O
0	O=C[C@@H]1[C@@H]2CC[C@@H](O2)[C@H]1C=O
0	O=Cc1ccc2ccc3ccc4ccc5ccc6ccc(C=O)c7c6c5c4c3c2c1-7
0	O=C[C@H]1[C@H]2C=C[C@@H]1[C@H](C=O)C2
0	O=CC1=CC(=O)c2cc(C=O)ccc2OC1
0	O=Cc1cc(C=O)cc([C@H]2OC=Cc3occc3O2)c1
1	O=Cc1cc2sc3cc(C=O)sc3c2s1
0	O=C/C=C(\\C=O)c1cccs1
0	Cc1cccc2c(C=O)c(C=O)oc12
0	C#CC1C(C=O)=CN(C(=O)c2ccccc2)C=C1C=O
0	Cc1ccc2oc(C=O)c(C=O)c2c1
1	O=Cc1cc(C=O)c2c(c1)CCC2
0	Cc1cc(Br)c2c(c1)c(C)c(C=O)n2C=O
0	N#Cc1cc(C=O)[nH]c1C=O
0	O=CC(=O)[C@@H](Br)C=O
0	O=Cc1ccc(-c2ccoc2C=O)[nH]1
0	O=Cc1cnc2c(C=O)sc3cc(-c4ccccc4)cc1-n-3-2
0	O=CC1=CNC(Cl)=C(C=O)C1
0	CC(=O)[C@]1(C)[C@H](C=O)C[C@@]2(C=O)CC(C)(C)C[C@@H]12
0	O=C[C@@H]1/C=C\\C=C/[C@H](C=O)/C=C\\C1
0	O=Cc1c[nH]c(C=O)c1Cl
0	C[C@@]12CC[C@@H]3[C@H]4Cc5cc(C=O)oc5C[C@@H]4CC[C@H]3[C@@H]1CC[C@@H]2OC=O
0	O=C/C=C/C1=CC2=CC=CC=C3C=C(C=O)[C@H]1C[C@@H]32
1	O=Cc1ccc2ccc3c(C=O)ccc4ccc1c2c43
0	COC(=O)C1=C(C)C[C@H]2[C@@H]1C=C(C=O)[C@]1(C=O)C[C@]21C
0	O=Cc1cccc2c1[C@H]1c3cc4ccccc4cc3[C@@H]2c2c(C=O)cccc21
0	CC(=O)O[C@H]1CC[C@H]2[C@@H]3C=Cc4c(cc(C=O)c(Cl)c4C=O)[C@H]3CC[C@@]12C
0	O=C/C=C\\C(O)=C\\C=O
0	Cn1c(Cl)c(C=O)c2cc(C=O)ccc21
1	O=Cc1sc(-c2cc(C#Cc3ccccc3)c(C=O)s2)cc1C#Cc1ccccc1
0	O=CC1=C(C=O)C(F)=C1F
1	O=CC12CCCC(C=O)(C1)C2
1	Cc1ccc(C)c2cc(C=O)c(C=O)cc12
0	CC(C)(C=O)[C@H]1CCC[C@H]1C=O
0	O=CO[C@H]1Oc2ccccc2C(=O)N1C=O
0	O=Cc1ccc2c(ccc3cc(-c4ccccc4)c(C=O)cc32)c1
1	O=Cc1c(Cl)sc(Cl)c1C=O
0	O=Cc1cc(C=O)c2ccc3cccc4ccc1n4-n32
0	C[C@]12CCC(=O)C=C1CC[C@H]1[C@@H]2[C@H](O)C[C@]2(C=O)[C@@H](C(=O)C=O)CC[C@H]12
0	O=Cc1ccc2c(c1-c1c(C=O)ccc3c1C(=O)c1cc(Cl)ccc1C3=O)C(=O)c1cc(Cl)ccc1C2=O
0	O=C/C1=C/C2=C/C3=C/C4=CC=CC=C(/C=C(/C=C(/C=C(/C=O)C1)C2)C3)C4
0	O=C/C1=C/C2=C/C3=C/C4=CC=CC=C(/C=C(/C=C(/C=C(/C=O)C1)C2)C3)C4
0	CC1(C)[C@H](C=O)[C@]2(C#N)C[C@@]1(C#N)[C@@H](C=O)C2(C)C
0	O=Cc1cc2cccc3cccc(cc1C=O)c32
1	O=Cc1ccc2nc3c(ccc4cc5cc(C=O)ccc5nc43)cc2c1
1	O=C/C=C/C(O)=C\\C=O
1	O=Cc1ccnc(C=O)c1
0	C[C@@H](C=O)[C@@H]1CCC=C1C=O
0	O=CN1CCN(C=O)c2ccccc2NC(S)=NCCCN=C(S)Nc2ccccc21
0	CC1=C(C=O)[C@@](C)(C=O)c2ccccc21
0	O=C/C1=C/C2=CC=CC=C(/C=C(/C=O)CC1)C2
0	Cn1c(=O)nc(O)c2nc(C=O)c(C=O)nc21
0	O=Cc1oc2c(Cl)cccc2c1C=O
0	C[C@H]1C[C@@H](C=O)CC[C@H]1C=O
1	COc1cc(C#CC=O)c(OC)cc1C#CC=O
1	O=C[C@H]1OC2(CCCCC2)O[C@H]1[C@@H]1OC2(CCCCC2)O[C@@H]1C=O
0	CC1(C)C[C@@H]2[C@@H]3O[C@@](C)(CC(C=O)=C3C=O)[C@@H]2C1
0	C[C@]12CCC[C@@](C)(C=O)[C@@H]1CC[C@@]1(C=O)OC(=O)CC[C@H]21
1	O=C/C=C/c1cccc(C=O)c1
0	O=C/C=C\\c1cccc(C=O)c1
0	Cc1c(C=O)ccc(O)c1C=O
0	Cc1c(C=O)ccc(O)c1C=O
0	Cc1c(C=O)n(C=O)c2c(C)cc(Br)cc12
0	O=Cc1c(O)nc2c(ccc3c(O)c(C=O)c(O)nc32)c1O
0	O=Cc1c(O)nc2c(ccc3c(O)c(C=O)c(O)nc32)c1O
0	O=Cc1c(O)nc2c(ccc3c(O)c(C=O)c(O)nc32)c1O
0	O=Cc1nnn(-c2ccc(Br)cc2)c1C=O
0	O=CC1=CS/C(=C2/SC=C(C=O)S2)S1
0	O=CN1CC(Br)CN1C=O
1	Cc1cc2c(cc1C=O)[C@@H]1c3ccccc3[C@H]2c2cc(C=O)ccc21
0	CC(C)(C)[C@@H]1CN(C=O)c2ccccc2N1C=O
0	COc1c(C=O)c2c3c(c1C=O)O[C@]1(C[C@@H]3CC(C)(C)O2)[C@H]2CC[C@H](C2)C1(C)C
1	O=Cc1ccc2c(ccc3nc(C=O)ccc32)n1
0	CC1(C)C(=O)[C@@H]2O[C@@H]2[C@@]2(C)[C@@H](C=O)C(C=O)=CC[C@@H]12
0	CC1(C)C(=O)[C@@H]2O[C@@H]2[C@@]2(C)[C@@H](C=O)C(C=O)=CC[C@@H]12
0	Cc1ccc2cc(-c3ccccc3C=O)c(C=O)c3c2c1CC3
0	CC1(C)C/C=C(/C=O)CC/C=C(/C=O)C[C@@H]2O[C@@H]21
0	O=CC1=CC=c2c3c(c4cccc5cccc2c54)C=CC(C=O)=C1C3
1	O=Cc1ccc2c(c1-c1c(C=O)ccc3c1-c1ccccc1-3)-c1ccccc1-2
0	COc1c(O)cc(C=O)c(C=O)c1O
1	O=Cc1ccc2nc(C=O)cn2c1
0	Cn1c2ccccc2c2nc3c(nc21)N=C(O)N1[C@H]3OC[C@H](C=O)O[C@@H]1C=O
0	O=C/C=C\\[C@H]1C=CC=C1C=O
1	O=CC1=C(Cl)c2cc3c(cc2CC1)CCc1cc2c(cc1-3)C(Cl)=C(C=O)CC2
0	O=CC1(C#CC2(C=O)CC2)CC1
0	CC(=O)n1cc(C=O)c2c3[nH]cc(C=O)c3ccc21
1	C[C@@H](C#C[C@H](C)C=O)C=O
0	CC1(C)CCC[C@@]2(C)[C@H]1CC[C@@]1(C=O)C(=O)CC(C=O)=CC[C@H]21
1	Cc1ccc(C=O)c(-c2ccccc2C=O)c1
1	O=C(O)c1ccc(-c2ccc(N(c3ccc(-c4ccc(C(=O)O)cc4)cc3)c3ccc(-c4ccc(C(=O)O)cc4)cc3)cc2)cc1
1	O=C(O)c1ccc(-c2ccc(N(c3ccc(-c4ccc(C(=O)O)cc4)cc3)c3ccc(-c4ccc(C(=O)O)cc4)cc3)cc2)cc1
0	O=C(O)[C@H]1CCC[C@H](C(=O)O)CCC[C@@H](C(=O)O)CCC1
0	O=C(O)c1cc(C(=O)O)c2cc(C(=O)O)ccc2c1
0	O=C(O)c1cc(C(=O)O)c(C(=O)O)s1
0	O=C(O)c1cc(C(=O)O)c(C(=O)O)s1
0	O=C(O)[C@H]1[C@H](C(=O)O)[C@H]1C(=O)O
0	O=C(O)[C@H]1[C@H](C(=O)O)[C@H]1C(=O)O
0	O=C(O)c1ccc2c(c1)[nH]c1c3[nH]c4cc(C(=O)O)ccc4c3c3c4ccc(C(=O)O)cc4[nH]c3c21
0	O[C@@H]1[C@H](O[C@@H]2[C@@H](F)C[C@H](F)[C@@H](O)[C@H]2O)O[C@H](CF)[C@H](O)[C@@H]1O
0	O[C@@H]1[C@H](O[C@@H]2[C@@H](F)C[C@H](F)[C@@H](O)[C@H]2O)O[C@H](CF)[C@H](O)[C@@H]1O
0	OC[C@H]1O[C@H](O[C@H]2[C@@H](O)[C@@H](O)[C@H](F)C[C@H]2F)[C@@H](F)[C@H](O)[C@H]1O
0	O=S1(=O)N=C(F)C(F)=C(F)N1
0	O=S1(=O)N=C(F)C(F)=C(F)N1
0	O[C@H]1[C@@H](O)[C@@H](F)C[C@@H](F)[C@@H]1O[C@@H]1O[C@H](CF)[C@H](O)[C@@H](O)[C@H]1O
0	[H]/N=C(/F)C(F)/C(F)=N\\[H]
0	O=CC1=N[C@@H](S(=O)(=O)O)C(C=O)=C(C=O)N1
1	O=C[C@H]1C[C@@H](C=O)[C@H](O[C@@H]2O[C@@H](CO)[C@H](O)[C@@H](C=O)[C@@H]2O)[C@H](O)[C@H]1O
0	O=CC[C@@H]1O[C@H](O[C@H]2[C@@H](C=O)C[C@H](C=O)[C@H](O)[C@@H]2O)[C@@H](O)[C@@H](O)[C@@H]1O
0	O=CCC[C@@H](C=O)CC=O
1	FC1=C(Cl)c2cc(-c3ccc4c(c3)C(Cl)=C(F)CC4)ccc2CC1
0	C/C(F)=C/c1ccc(F)cc1
0	F[C@H]1[C@H]2CC[C@H](CC2)[C@H]1F
0	F[C@H]1CO[C@@H](F)O1
0	Cc1cc(-c2ccccc2)cc(C)c2c(F)c(F)cc1-2
0	FNNF
0	CC[C@]12C3=CC=CC1=C(F)C(F)=C2C=C3
1	Fc1ccc2ccc3c(F)ccc4ccc1c2c43
0	CN1C=C[C@H](c2c(F)n(C)c3ccccc23)C(F)=C1
1	Fc1c[nH]c2ccc(-c3[nH]c4ccccc4c3F)cc12
0	C[C@@H]1CC[C@H](F)[C@@H](F)C2=CC(C)(C)C[C@H]21
0	Fc1sc(F)c2c1ncc1sccc12
0	Fc1sc(F)c2c1ncc1sccc12
0	C[C@@H]1CC[C@@H]2C(C)(C)[C@H](O)CC[C@@]2(C)[C@@]12Cc1c(O)cc(F)c(F)c1O2
0	FC1=C(F)C(F)=C1F
0	C[C@]12CC[C@@H]3[C@@H](CC[C@H]4Cc5oc(F)cc5C[C@]43C)[C@@H]1CC[C@@H]2OF
1	Fc1c2cccccc-2cc1-c1cc2cccccc-2c1F
1	CN1C=C(F)CC(F)=C1
0	F[C@@H]1/C=C\\C=C/[C@H](F)/C=C\\C1
0	C[C@]12CCC=C(F)[C@@]1(F)C2
0	CC1=C(F)C2=CC=C3C=CC=C4C=CC(=C1F)[C@]2(C)[C@]43C
0	O=C(F)O[C@@H]1CCC[C@@H]1F
0	Oc1c(F)cc2ccccc2c1F
0	Oc1c(F)cc2ccccc2c1F
0	CN1C(=O)N2[C@H](F)O[C@@H](F)CO[C@H]2c2nc3c4ccccc4n(C)c3nc21
0	FC1=C(Cl)NC(Cl)=C(F)C1c1cccc(Cl)c1
0	CC1=CC2=C(F)C3(CC3)[C@](C)(O)C(=O)C2=C1F
0	FN1C=C([C@@H]2CCCCCN2F)CCCC1
0	FN1C=C([C@@H]2CCCCCN2F)CCCC1
0	CC1=C(F)[C@]2(C)[C@@H](OF)CC[C@@H](C)[C@H]2[C@@H]2OC(C)(C)O[C@@H]12
0	Cc1cc(F)c(F)o1
0	C#CC1C(F)=CN(c2cccc(C)c2)C=C1F
0	Cc1c2ccc(O)c(F)c2cc2ccc(O)c(F)c12
0	Cc1c2ccc(O)c(F)c2cc2ccc(O)c(F)c12
1	Cc1ccc(C)c2c1[C@@H](F)c1ccccc1[C@H]2F
0	FN1C=C([C@@H]2c3ccccc3CCN2F)CCCC1
0	CC1(C)OCc2c(F)cnc(F)c2O1
0	C[C@@H]1CC[C@@H](F)[C@H]1CF
0	FC1=CNC(Cl)=C(F)C1
0	C#CC1C(F)=CN(CC)C=C1F
1	CN(F)c1ccccc1F
1	Fc1cscc1-c1ccsc1F
0	FN1CCN(F)[C@H](c2ccccc2)c2ccccc2C1
0	Cc1c(F)n(F)c2c(Cl)cc(Cl)cc12
0	Cc1cc(C(C)(C)C)cc(C)c2c(F)c(F)cc1-2
0	Oc1nc2c(ccc3c(O)c(F)c(O)nc32)c(O)c1F
0	Fc1ccc2c(c1)CC[C@H]1CCc3cc(F)ccc3[C@H]21
0	Fc1c2cccccc2n2c(F)c(-c3ccccc3)nc12
0	O/C=C(/F)NF
1	CCn1c(F)ccc1F
0	Oc1c(F)cc(F)c(O)c1Br
1	Fc1c(F)c2ccccc2c2ccccc12
0	C[C@H]1C=C(F)[C@@H](F)[C@H](O)[C@H]2CC(C)(C)C[C@H]21
0	F[C@H]1C[C@@H](F)[C@@H]2CCC[C@@H]12
0	COc1cc(F)c2c(c1C)OC(=O)c1c(C)c(Cl)c(O)c(F)c1O2
0	FC1C2C3CC4C2C(F)C2C5CC(C12)C1C3C4C51
0	Cc1c(F)c2sccn2c1F
0	FC1=C(F)[C@H]2C=C[C@@H]1C2
1	Cc1sc(C)c2cc(F)c(F)cc12
0	CCn1c(C)c(F)c(F)c1C
0	FC1=C(F)[C@@H]2C=C[C@@H]3[C@H]1[C@@H]3C=C2
0	C#CC1C(F)=CN(c2cc(C)cc(C)c2)C=C1F
0	CC1(C)C[C@@H]2C=C(F)[C@@]3(F)C[C@@]3(C)[C@H]2C1
0	Oc1ccc(F)c(I)c1F
1	Cc1ccc(-c2cc(F)cc(F)c2)cc1
1	CC/C(F)=C/F
0	C[C@H]1CC[C@H](CF)[C@@H]1F
1	CCc1cc(F)cc(F)c1
1	CCc1cc(F)cc(F)c1
0	CC1(C)C(=O)[C@H](F)[C@@H](F)C1=O
0	F[C@]12CCCC[C@@]1(F)CC2
0	F[C@H]1c2ccccc2[C@@H](F)c2cccc(Cl)c21
1	C#CC1C(F)=CN(c2nc(C)cc(C)n2)C=C1F
0	Cc1c2ccc3ccc4c(F)cc(ccc5cc(F)c(cc2)c1c5C)c(C)c4c3C
0	Cc1c2ccc3ccc4c(F)cc(ccc5cc(F)c(cc2)c1c5C)c(C)c4c3C
0	Cc1ccc(-c2cc(F)cc(F)c2C)cc1
0	Oc1c(F)cc(F)c2c1CCC2
0	Cc1c(F)n(F)c2c(C)cc(Cl)cc12
0	CC1(C)C[C@H]2[C@@H](C1)[C@@H]1O[C@@]2(C)CC(F)=C1F
0	CC1=C(C)[C@H]2CC=C(F)[C@@H](F)[C@@]2(C)CC1
0	CC1=C(C)[C@H]2CC=C(F)[C@@H](F)[C@@]2(C)CC1
1	O=C1[C@@H](F)C[C@H]2C(=O)[C@H](F)C[C@@H]12
0	CO[C@@]12OO[C@@H](O1)[C@@H]1C[C@@H](F)[C@@H](F)[C@@H]12
1	O=C1c2ccc(F)cc2C(=O)c2cc(F)ccc21
0	CC1(C)[C@H]2CC=C(F)[C@]3(C2)[C@H]1CC[C@H]3F
0	Fc1ccc2sc(F)nc2c1
0	FN1C=C([C@H]2c3ccccc3CCN2F)CCC1
0	F[C@@]12O[C@@H](c3ccccc31)[C@@H]1c3ccccc3[C@@]12F
0	N#C/C(F)=C/CF
0	Oc1ccc(F)c(Br)c1F
0	Fc1cc(Br)c(F)s1
1	Fc1ccc(F)c2c1Oc1ccccc1O2
0	CCn1c(Cl)c(F)c2cc(F)ccc21
0	C[C@@H](F)[C@H]1CCC=C1F
0	Cc1ccc2c(F)cccc2c1F
0	OC(/C=C\\F)=C\\F
1	FC1=COC=C(F)C1/C=C/Cl
0	Fc1cccc2c1[C@@H]1c3cccc(F)c3[C@H]2[C@@H]2Cc3cc4ccccc4cc3C[C@H]12
0	Fc1cc(F)c(N2CCCC2)o1
0	CC(C)(C)c1cc(C(C)(C)C)c(F)cc1F
0	O=S1(=O)[C@H](F)CC[C@@H]1F
0	O=C1C[C@@H](CF)C[C@]2(F)CC(=O)[C@@H]3CCCC[C@H]3[C@@H]12
0	F/N=c1/c2ccccc2c2nc3c(nc12)/c(=N\\F)c1ccccc13
0	Cc1cc2c(cc1C=O)[C@H]1c3ccccc3[C@@H]2c2cc(C=O)ccc21
0	COC(=O)[C@H]1CCC[C@](C)(C=O)[C@@H]1C=O
0	COC(=O)[C@H]1CCC[C@](C)(C=O)[C@@H]1C=O
0	CC1=C(C=O)[C@@]2(C)[C@H](OC=O)CC[C@H](C)[C@H]2[C@H]2OC(C)(C)O[C@@H]12
0	CC1(C)O[C@@H]2[C@@H](C=O)O[C@@H](C=O)[C@@H]2O1
0	CC1(C)CC2=C(C=O)[C@@]3(C=O)C[C@@]3(C)[C@H](O)[C@@]2(O)C1
0	O=CC1=C(C=O)[C@@H]2O[C@H]1C1=C2[C@@H]2C=C[C@H]1CC2
0	O=C[C@@H]1[C@@H](C=O)C12c1ccccc1-c1ccccc12
1	CC1=C(C)C[C@@H](C=O)[C@@H](C=O)C1
0	CC1(C)C=C[C@@H](O)[C@]2(C)[C@H]1CC=C(C=O)[C@@H]2C=O
0	O=C[C@H]1C[C@@H](C=O)[C@@H]2CCC[C@H]12
0	C/C=C1/CN(C=O)[C@@H]2C[C@H]1[C@H](C(=O)OC)[C@@]13CC(=O)O[C@@]21N(C=O)c1ccccc13
0	COC(=O)[C@@]1(C)CC[C@H]2[C@@]3(C)CCC[C@@](C)(C=O)[C@@H]3CC[C@@]2(C=O)C1
0	O=CN1CCC[C@H]1[C@@H]1c2[nH]c3ccc(Br)cc3c2CCN1C=O
0	C[C@@]12CCC(=O)C=C1CC[C@H]1[C@@H]2[C@H](O)C[C@]2(C=O)[C@@H](C(=O)C=O)CC[C@H]12
0	O=C[C@H]1[C@H](C2(C=O)CC2)[C@@H]2C=C[C@H]1C21CC1
0	C=C(C=O)[C@H]1CC[C@H](C)[C@@H]1C=O
0	Cc1c2ccc3ccc4c(C=O)cc(ccc5cc(C=O)c(cc2)c1c5C)c(C)c4c3C
1	C=C(C=O)[C@H]1[C@@H]2[C@@H](CCC(=C)[C@@H]1C=O)C2(C)C
0	CC1(C)CCC[C@@]2(C)[C@@H]1CC=C(C=O)[C@]2(O)C=O
0	O=C[C@H]1c2ccccc2[C@H]2[C@H](C=O)[C@H]12
0	O=CC1=C(C=O)[C@]23O[C@H]1C=C2[C@@H]1C=C[C@H]3CC1
0	O=Cc1ccc(C=O)c2/c1=c1/cccc/c1=C/C=c1/cccc/c1=2
0	C[C@H]1CC[C@@H](C=O)O[C@@H]1[C@@H]1O[C@@H](C=O)CC[C@H]1C
1	C[C@H]1CC[C@@H](C=O)O[C@@H]1[C@@H]1O[C@@H](C=O)CC[C@H]1C
1	C[C@H]1C[C@H](C=O)/C=C\\C=C/[C@H](C=O)C1
0	CC1(C)[C@@]2(C)N=N[C@]1(C)[C@@H](C=O)[C@H]2C=O
0	C[C@@H]1OC(=O)[C@H](n2c(C=O)ccc2C=O)[C@@H]1C
0	C[C@@]12CC[C@H]3[C@@H](CC[C@@H]4Cc5oc(C=O)cc5C[C@H]43)[C@@H]1CC[C@@H]2OC=O
0	Cc1c2ccc3cc(C=O)c4ccc(ccc5cc(C=O)c(cc2)c1c5C)c(C)c4c3C
1	O=C(O)C[C@@H]1O[C@H](O[C@@H]2[C@@H](O)[C@@H](O)[C@@H](C(=O)O)C[C@H]2C(=O)O)[C@H](O)[C@@H](O)[C@@H]1O
1	C[C@@H](C(=O)O)N([C@@H](C)C(=O)O)[C@H](C)C(=O)O
0	O=C(O)C[C@H]1OC(=O)[C@@H](C(=O)O)[C@@H]1C(=O)O
1	O=C(O)CP(=O)(CC(=O)O)CC(=O)O
1	O=C(O)C[C@H]1O[C@H](O[C@H]2[C@@H](C(=O)O)C[C@H](C(=O)O)[C@@H](O)[C@@H]2O)[C@H](O)[C@H](O)[C@H]1O
